时间,CPU占用(%),用户态(%),系统态(%),iowait(%),软中断(%),内存使用(%),内存可用(MB),swap使用(MB),load1,load5,load15,磁盘读(MB/s),磁盘写(MB/s),网络发送(MB/s),网络接收(MB/s)
2026-09-13 15:01:29,8.82,5.79,2.52,0.5,0.5,15.72,6476.1,0.0,0.51,0.19,0.06,0.0,0.02,1.27,0.04
2026-09-13 15:01:30,1.26,0.76,0.5,0.25,0.0,15.65,6482.0,0.0,0.51,0.19,0.06,0.0,0.09,0.02,0.03
2026-09-13 15:01:31,2.02,1.51,0.5,0.25,0.0,15.58,6487.2,0.0,0.51,0.19,0.06,0.0,0.0,0.0,0.02
2026-09-13 15:01:32,0.75,0.25,0.5,0.0,0.0,15.46,6496.2,0.0,0.47,0.19,0.06,0.0,0.0,0.03,0.02
2026-09-13 15:01:33,1.0,0.25,0.75,0.0,0.0,15.41,6500.0,0.0,0.47,0.19,0.06,0.0,0.0,0.0,0.01
2026-09-13 15:01:34,1.01,0.5,0.5,0.0,0.0,15.37,6502.9,0.0,0.47,0.19,0.06,0.0,0.0,0.0,0.01
2026-09-13 15:01:35,0.75,0.25,0.5,0.5,0.0,15.34,6505.9,0.0,0.47,0.19,0.06,0.0,0.11,0.0,0.01
2026-09-13 15:01:36,11.28,9.02,2.01,0.25,0.25,15.22,6514.6,0.0,0.47,0.19,0.06,0.25,0.02,0.01,0.01
2026-09-13 15:01:37,1.01,0.25,0.76,0.0,0.0,15.22,6514.4,0.0,0.43,0.18,0.06,0.0,0.0,0.0,0.01
2026-09-13 15:01:38,1.5,0.5,1.0,0.0,0.0,15.22,6514.4,0.0,0.43,0.18,0.06,0.0,0.0,0.0,0.01
2026-09-13 15:01:39,1.75,0.75,1.0,0.25,0.0,15.22,6514.4,0.0,0.43,0.18,0.06,0.0,0.0,0.0,0.01
2026-09-13 15:01:40,1.01,0.25,0.76,0.0,0.0,15.22,6514.4,0.0,0.43,0.18,0.06,0.0,0.0,0.0,0.01
2026-09-13 15:01:41,1.01,0.25,0.76,0.0,0.0,15.19,6517.1,0.0,0.43,0.18,0.06,0.0,0.0,0.0,0.01
2026-09-13 15:01:42,1.51,0.75,0.75,0.25,0.0,15.2,6516.2,0.0,0.39,0.18,0.06,0.0,0.01,0.0,0.01
2026-09-13 15:01:43,1.25,0.25,1.0,0.0,0.0,15.2,6516.2,0.0,0.39,0.18,0.06,0.0,0.0,0.0,0.01
2026-09-13 15:01:44,1.26,0.25,1.01,0.0,0.0,15.2,6516.2,0.0,0.39,0.18,0.06,0.0,0.0,0.0,0.01
2026-09-13 15:01:45,1.5,0.5,0.75,0.0,0.25,15.2,6515.9,0.0,0.39,0.18,0.06,0.0,0.0,0.0,0.02
2026-09-13 15:01:46,1.52,0.51,1.01,0.0,0.0,15.26,6511.5,0.0,0.39,0.18,0.06,0.25,0.0,0.0,0.01
2026-09-13 15:01:47,1.26,0.25,1.01,0.0,0.0,15.27,6511.2,0.0,0.36,0.18,0.06,0.0,0.0,0.0,0.01
2026-09-13 15:01:48,1.01,0.25,0.75,0.0,0.0,15.27,6511.2,0.0,0.36,0.18,0.06,0.0,0.0,0.0,0.01
2026-09-13 15:01:49,2.01,1.01,1.01,0.25,0.0,15.27,6510.8,0.0,0.36,0.18,0.06,0.0,0.0,0.0,0.01
2026-09-13 15:01:50,2.02,1.26,0.76,0.5,0.0,15.27,6510.8,0.0,0.36,0.18,0.06,0.0,0.01,0.0,0.01
2026-09-13 15:01:51,1.01,0.5,0.5,0.0,0.0,15.27,6510.8,0.0,0.36,0.18,0.06,0.0,0.0,0.0,0.01
2026-09-13 15:01:52,1.5,0.5,0.75,0.0,0.25,15.27,6510.9,0.0,0.33,0.17,0.06,0.0,0.0,0.0,0.01
2026-09-13 15:01:53,1.26,0.5,0.75,0.0,0.0,15.27,6510.9,0.0,0.33,0.17,0.06,0.0,0.0,0.0,0.01
2026-09-13 15:01:54,1.27,0.51,0.76,2.03,0.0,15.27,6510.8,0.0,0.33,0.17,0.06,0.18,0.01,0.12,0.01
2026-09-13 15:01:55,1.26,0.5,0.75,0.0,0.0,15.27,6510.6,0.0,0.33,0.17,0.06,0.0,0.0,0.0,0.01
2026-09-13 15:01:56,1.51,0.5,1.01,0.0,0.0,15.31,6507.9,0.0,0.33,0.17,0.06,0.25,0.0,0.0,0.01
2026-09-13 15:01:57,1.76,0.5,1.01,9.3,0.25,15.31,6507.7,0.0,0.39,0.19,0.06,0.0,85.31,0.0,0.01
2026-09-13 15:01:58,1.51,0.5,1.01,6.3,0.0,15.31,6507.7,0.0,0.39,0.19,0.06,0.0,48.19,0.0,0.01
2026-09-13 15:01:59,1.51,0.76,0.76,1.76,0.0,15.32,6507.3,0.0,0.39,0.19,0.06,0.0,1.26,0.0,0.01
2026-09-13 15:02:00,1.01,0.5,0.5,0.0,0.0,15.32,6507.3,0.0,0.39,0.19,0.06,0.0,0.0,0.0,0.01
2026-09-13 15:02:01,1.26,0.25,0.76,0.0,0.25,15.32,6507.1,0.0,0.39,0.19,0.06,0.0,0.0,0.0,0.01
2026-09-13 15:02:02,1.5,0.75,0.75,0.0,0.0,15.32,6506.8,0.0,0.36,0.18,0.06,0.0,0.0,0.0,0.01
2026-09-13 15:02:03,1.26,0.5,0.76,0.25,0.0,15.34,6505.9,0.0,0.36,0.18,0.06,0.0,0.04,0.0,0.01
2026-09-13 15:02:04,1.5,0.5,1.0,0.0,0.0,15.33,6506.1,0.0,0.36,0.18,0.06,0.0,0.0,0.0,0.01
2026-09-13 15:02:05,1.01,0.25,0.76,0.0,0.0,15.33,6506.1,0.0,0.36,0.18,0.06,0.0,0.0,0.0,0.01
2026-09-13 15:02:06,1.76,0.76,1.01,0.0,0.0,15.36,6504.1,0.0,0.36,0.18,0.06,0.25,0.13,0.0,0.01
2026-09-13 15:02:07,1.26,0.5,0.75,0.0,0.0,15.36,6503.9,0.0,0.33,0.18,0.06,0.0,0.0,0.0,0.01
2026-09-13 15:02:08,1.51,0.5,1.01,0.0,0.0,15.36,6503.6,0.0,0.33,0.18,0.06,0.0,0.0,0.0,0.02
2026-09-13 15:02:09,2.53,1.77,0.76,0.51,0.0,15.37,6503.5,0.0,0.33,0.18,0.06,0.0,0.0,0.0,0.02
2026-09-13 15:02:10,1.75,0.5,1.0,0.0,0.25,15.37,6503.4,0.0,0.33,0.18,0.06,0.0,0.0,0.0,0.01
2026-09-13 15:02:11,1.26,0.25,1.01,0.0,0.0,15.37,6503.0,0.0,0.33,0.18,0.06,0.0,0.0,0.0,0.01
2026-09-13 15:02:12,1.26,0.5,0.75,0.0,0.0,15.37,6502.9,0.0,0.3,0.18,0.06,0.0,0.0,0.0,0.01
2026-09-13 15:02:13,1.01,0.25,0.76,0.0,0.0,15.37,6502.9,0.0,0.3,0.18,0.06,0.0,0.0,0.0,0.01
2026-09-13 15:02:14,1.01,0.25,0.76,0.0,0.0,15.37,6502.9,0.0,0.3,0.18,0.06,0.0,0.0,0.0,0.01
2026-09-13 15:02:15,1.51,0.5,1.01,0.0,0.0,15.38,6502.7,0.0,0.3,0.18,0.06,0.0,0.0,0.0,0.01
2026-09-13 15:02:16,1.76,0.5,1.01,0.0,0.25,15.38,6502.6,0.0,0.3,0.18,0.06,0.25,0.01,0.0,0.01
2026-09-13 15:02:17,1.26,0.5,0.75,2.01,0.0,15.36,6503.9,0.0,0.36,0.19,0.06,1.38,0.0,0.0,0.01
2026-09-13 15:02:18,1.01,0.25,0.76,0.0,0.0,15.36,6503.8,0.0,0.36,0.19,0.06,0.0,0.0,0.0,0.01
2026-09-13 15:02:19,2.51,1.01,1.26,0.0,0.25,15.37,6503.6,0.0,0.36,0.19,0.06,0.0,0.0,0.0,0.01
2026-09-13 15:02:20,1.26,0.5,0.75,0.0,0.0,15.37,6503.6,0.0,0.36,0.19,0.06,0.0,0.0,0.0,0.01
2026-09-13 15:02:21,1.01,0.51,0.51,0.0,0.0,15.37,6503.6,0.0,0.36,0.19,0.06,0.0,0.0,0.0,0.01
2026-09-13 15:02:22,1.01,0.25,0.76,0.5,0.0,15.37,6503.3,0.0,0.33,0.19,0.06,0.0,0.06,0.0,0.01
2026-09-13 15:02:23,1.5,0.5,1.0,0.0,0.0,15.37,6503.1,0.0,0.33,0.19,0.06,0.0,0.0,0.0,0.01
2026-09-13 15:02:24,1.01,0.25,0.76,0.0,0.0,15.37,6502.8,0.0,0.33,0.19,0.06,0.0,0.0,0.0,0.0
2026-09-13 15:02:25,1.5,0.25,1.0,0.0,0.25,15.38,6502.6,0.0,0.33,0.19,0.06,0.0,0.0,0.0,0.01
2026-09-13 15:02:26,2.26,1.01,1.26,0.0,0.0,15.11,6523.1,0.0,0.33,0.19,0.06,0.25,0.0,0.0,0.01
2026-09-13 15:02:27,1.01,0.25,0.76,0.76,0.0,15.11,6522.9,0.0,0.3,0.18,0.06,0.0,0.04,0.0,0.01
2026-09-13 15:02:28,2.76,1.76,1.01,0.25,0.0,15.02,6530.0,0.0,0.3,0.18,0.06,0.0,0.01,0.0,0.01
2026-09-13 15:02:29,2.01,0.75,1.26,0.25,0.0,14.89,6540.0,0.0,0.3,0.18,0.06,0.0,0.01,0.0,0.01
2026-09-13 15:02:30,1.01,0.25,0.76,0.0,0.0,14.89,6540.0,0.0,0.3,0.18,0.06,0.0,0.0,0.0,0.01
2026-09-13 15:02:31,1.26,0.25,0.75,0.5,0.25,14.9,6539.5,0.0,0.3,0.18,0.06,0.08,0.06,0.0,0.01
2026-09-13 15:02:32,1.26,0.5,0.75,0.0,0.0,14.9,6539.3,0.0,0.28,0.18,0.06,0.0,0.0,0.0,0.01
2026-09-13 15:02:33,1.26,0.25,1.01,0.0,0.0,14.9,6539.3,0.0,0.28,0.18,0.06,0.0,0.0,0.0,0.01
2026-09-13 15:02:34,14.57,12.81,1.76,0.0,0.0,15.05,6527.7,0.0,0.28,0.18,0.06,0.0,0.0,0.03,0.02
2026-09-13 15:02:35,8.29,7.04,1.26,1.26,0.0,15.09,6524.6,0.0,0.28,0.18,0.06,0.0,0.76,0.0,0.01
2026-09-13 15:02:36,20.2,13.13,6.82,2.02,0.25,14.95,6535.5,0.0,0.28,0.18,0.06,0.29,0.12,0.01,0.02
2026-09-13 15:02:37,1.25,0.5,0.75,0.0,0.0,14.95,6535.5,0.0,0.26,0.18,0.06,0.0,0.0,0.0,0.01
2026-09-13 15:02:38,1.0,0.5,0.5,0.0,0.0,14.95,6535.5,0.0,0.26,0.18,0.06,0.0,0.0,0.0,0.0
2026-09-13 15:02:39,1.51,0.75,0.75,0.25,0.0,14.97,6533.9,0.0,0.26,0.18,0.06,0.0,0.0,0.0,0.01
2026-09-13 15:02:40,25.63,21.61,4.02,0.0,0.0,15.81,6469.5,0.0,0.26,0.18,0.06,0.0,0.15,0.17,0.15
2026-09-13 15:02:41,6.3,4.28,2.02,1.01,0.0,16.0,6455.1,0.0,0.26,0.18,0.06,0.0,0.06,0.0,0.01
2026-09-13 15:02:42,10.05,8.29,1.76,0.75,0.0,16.29,6432.4,0.0,0.23,0.17,0.06,0.0,0.02,0.0,0.01
2026-09-13 15:02:43,1.51,0.5,1.01,0.0,0.0,16.32,6430.5,0.0,0.23,0.17,0.06,0.0,0.0,0.0,0.01
2026-09-13 15:02:44,1.26,0.25,1.01,0.0,0.0,16.3,6431.6,0.0,0.23,0.17,0.06,0.0,0.0,0.0,0.01
2026-09-13 15:02:45,1.26,0.51,0.76,0.0,0.0,16.21,6438.8,0.0,0.23,0.17,0.06,0.0,0.0,0.0,0.02
2026-09-13 15:02:46,2.26,0.5,1.51,0.25,0.25,16.08,6448.7,0.0,0.23,0.17,0.06,0.25,0.04,0.0,0.01
2026-09-13 15:02:47,2.76,1.75,1.0,0.25,0.0,15.83,6467.6,0.0,0.22,0.17,0.06,0.0,0.0,0.0,0.01
2026-09-13 15:02:48,1.01,0.25,0.76,0.0,0.0,15.73,6475.7,0.0,0.22,0.17,0.06,0.0,0.0,0.0,0.01
2026-09-13 15:02:49,2.51,1.26,1.26,0.0,0.0,15.63,6483.5,0.0,0.22,0.17,0.06,0.0,0.0,0.0,0.01
2026-09-13 15:02:50,1.26,0.5,0.5,0.0,0.25,15.52,6491.6,0.0,0.22,0.17,0.06,0.0,0.0,0.0,0.01
2026-09-13 15:02:51,1.51,0.5,1.01,0.0,0.0,15.44,6498.1,0.0,0.22,0.17,0.06,0.0,0.0,0.0,0.01
2026-09-13 15:02:52,1.5,0.5,1.0,0.25,0.0,15.35,6504.4,0.0,0.2,0.17,0.06,0.0,0.01,0.0,0.01
2026-09-13 15:02:53,1.01,0.51,0.51,0.0,0.0,15.28,6510.1,0.0,0.2,0.17,0.06,0.0,0.09,0.0,0.01
2026-09-13 15:02:54,1.76,0.5,1.26,0.0,0.0,15.21,6515.3,0.0,0.2,0.17,0.06,0.0,0.0,0.0,0.0
2026-09-13 15:02:55,1.01,0.25,0.76,0.0,0.0,15.13,6521.7,0.0,0.2,0.17,0.06,0.0,0.0,0.0,0.01
2026-09-13 15:02:56,2.26,1.01,1.26,0.0,0.0,15.09,6524.7,0.0,0.2,0.17,0.06,0.25,0.0,0.0,0.01
2026-09-13 15:02:57,1.01,0.0,1.01,0.51,0.0,15.06,6527.4,0.0,0.34,0.2,0.07,0.0,0.01,0.0,0.02
2026-09-13 15:02:58,1.75,0.75,1.0,0.0,0.0,15.02,6529.9,0.0,0.34,0.2,0.07,0.0,0.01,0.0,0.01
2026-09-13 15:02:59,1.77,1.01,0.76,0.0,0.0,14.99,6532.1,0.0,0.34,0.2,0.07,0.0,0.0,0.0,0.0
2026-09-13 15:03:00,1.51,0.5,1.01,0.0,0.0,14.99,6532.4,0.0,0.34,0.2,0.07,0.0,0.0,0.0,0.01
2026-09-13 15:03:01,1.26,0.5,0.75,0.0,0.0,14.99,6532.6,0.0,0.34,0.2,0.07,0.0,0.0,0.0,0.0
2026-09-13 15:03:02,1.51,0.5,1.01,0.0,0.0,14.98,6533.1,0.0,0.31,0.19,0.07,0.0,0.0,0.0,0.01
2026-09-13 15:03:03,1.26,0.25,1.01,0.0,0.0,14.97,6533.6,0.0,0.31,0.19,0.07,0.0,0.0,0.0,0.01
2026-09-13 15:03:04,1.51,0.75,0.75,0.0,0.0,14.98,6533.3,0.0,0.31,0.19,0.07,0.0,0.0,0.0,0.0
2026-09-13 15:03:05,1.26,0.25,1.01,0.0,0.0,14.99,6532.5,0.0,0.31,0.19,0.07,0.0,0.0,0.0,0.0
2026-09-13 15:03:06,3.26,1.75,1.5,0.25,0.0,15.0,6531.6,0.0,0.31,0.19,0.07,0.25,0.0,0.0,0.01
2026-09-13 15:03:07,1.76,0.5,1.01,1.26,0.25,14.99,6532.3,0.0,0.37,0.21,0.08,0.0,0.89,0.0,0.01
2026-09-13 15:03:08,1.75,0.75,1.0,0.0,0.0,14.99,6532.5,0.0,0.37,0.21,0.08,0.0,0.0,0.0,0.01
2026-09-13 15:03:09,1.76,0.76,1.01,0.25,0.0,14.99,6532.1,0.0,0.37,0.21,0.08,0.0,0.0,0.0,0.01
2026-09-13 15:03:10,1.52,0.51,1.01,10.89,0.0,15.0,6531.4,0.0,0.37,0.21,0.08,0.0,88.01,0.0,0.01
2026-09-13 15:03:11,1.51,0.5,1.01,0.0,0.0,15.01,6530.6,0.0,0.37,0.21,0.08,0.0,0.0,0.0,0.01
2026-09-13 15:03:12,1.75,0.5,1.0,0.0,0.25,15.02,6530.1,0.0,0.34,0.2,0.08,0.0,0.0,0.0,0.01
2026-09-13 15:03:13,1.26,0.25,1.01,0.0,0.0,15.03,6529.6,0.0,0.34,0.2,0.08,0.0,0.0,0.0,0.01
2026-09-13 15:03:14,1.51,0.5,1.01,0.0,0.0,15.03,6529.5,0.0,0.34,0.2,0.08,0.0,0.0,0.0,0.01
2026-09-13 15:03:15,1.26,0.5,0.76,5.54,0.0,15.03,6529.5,0.0,0.34,0.2,0.08,0.0,42.71,0.0,0.01
2026-09-13 15:03:16,2.27,0.76,1.51,0.0,0.0,15.09,6524.5,0.0,0.34,0.2,0.08,0.25,2.78,0.0,0.01
2026-09-13 15:03:17,1.26,0.5,0.5,0.0,0.25,15.09,6524.6,0.0,0.31,0.2,0.08,0.0,0.0,0.0,0.01
2026-09-13 15:03:18,1.52,0.51,1.01,0.0,0.0,15.09,6524.5,0.0,0.31,0.2,0.08,0.0,0.25,0.0,0.01
2026-09-13 15:03:19,1.76,0.76,1.01,2.02,0.0,15.09,6525.0,0.0,0.31,0.2,0.08,0.0,0.29,0.0,0.01
2026-09-13 15:03:20,2.01,0.75,1.25,0.0,0.0,15.04,6528.7,0.0,0.31,0.2,0.08,0.0,0.0,0.0,0.01
2026-09-13 15:03:21,1.51,0.5,1.01,0.0,0.0,15.04,6528.9,0.0,0.31,0.2,0.08,0.0,0.0,0.0,0.01
2026-09-13 15:03:22,1.51,0.5,1.01,0.5,0.0,15.04,6528.9,0.0,0.29,0.2,0.08,0.0,0.01,0.0,0.01
2026-09-13 15:03:23,1.75,0.5,1.0,0.0,0.25,15.03,6529.1,0.0,0.29,0.2,0.08,0.0,0.0,0.0,0.01
2026-09-13 15:03:24,1.51,0.5,1.01,0.0,0.0,15.04,6528.9,0.0,0.29,0.2,0.08,0.0,0.0,0.0,0.0
2026-09-13 15:03:25,2.51,1.5,1.0,0.25,0.0,15.02,6529.9,0.0,0.29,0.2,0.08,0.0,0.0,0.0,0.01
2026-09-13 15:03:26,2.02,0.76,1.26,0.0,0.0,15.02,6530.1,0.0,0.29,0.2,0.08,0.25,0.0,0.0,0.01
2026-09-13 15:03:27,1.75,0.5,1.25,0.0,0.0,15.01,6530.8,0.0,0.26,0.19,0.08,0.0,0.0,0.0,0.01
2026-09-13 15:03:28,1.51,0.5,1.01,1.01,0.0,15.0,6531.5,0.0,0.26,0.19,0.08,0.0,0.05,0.0,0.01
2026-09-13 15:03:29,2.01,1.01,1.01,0.25,0.0,15.01,6531.2,0.0,0.26,0.19,0.08,0.0,0.16,0.0,0.01
2026-09-13 15:03:30,1.26,0.5,0.5,0.0,0.25,15.0,6531.6,0.0,0.26,0.19,0.08,0.0,0.0,0.0,0.01
2026-09-13 15:03:31,1.51,0.5,1.01,0.0,0.0,14.81,6546.2,0.0,0.26,0.19,0.08,0.0,0.0,0.0,0.01
2026-09-13 15:03:32,1.5,0.5,1.0,0.0,0.0,14.82,6545.7,0.0,0.24,0.19,0.07,0.0,0.0,0.0,0.01
2026-09-13 15:03:33,1.76,0.5,1.26,0.5,0.0,14.82,6545.7,0.0,0.24,0.19,0.07,0.0,0.01,0.0,0.01
2026-09-13 15:03:34,1.51,0.5,1.01,0.0,0.0,14.82,6545.8,0.0,0.24,0.19,0.07,0.0,0.01,0.0,0.01
2026-09-13 15:03:35,1.76,0.75,1.01,0.0,0.0,14.83,6544.7,0.0,0.24,0.19,0.07,0.0,0.0,0.0,0.01
2026-09-13 15:03:36,11.08,8.82,2.27,0.5,0.0,14.74,6551.5,0.0,0.24,0.19,0.07,0.25,0.03,0.01,0.01
2026-09-13 15:03:37,1.51,0.5,1.01,0.0,0.0,14.77,6549.4,0.0,0.22,0.19,0.07,0.0,0.0,0.0,0.01
2026-09-13 15:03:38,2.01,0.75,1.0,0.0,0.25,14.77,6549.1,0.0,0.22,0.19,0.07,0.0,0.0,0.0,0.01
2026-09-13 15:03:39,1.76,0.76,1.01,0.25,0.0,14.78,6548.8,0.0,0.22,0.19,0.07,0.0,0.0,0.0,0.01
2026-09-13 15:03:40,1.51,0.5,1.01,0.0,0.0,14.78,6548.3,0.0,0.22,0.19,0.07,0.0,0.01,0.0,0.01
2026-09-13 15:03:41,1.76,0.5,1.26,1.26,0.0,14.69,6555.7,0.0,0.22,0.19,0.07,0.0,0.9,0.0,0.01
2026-09-13 15:03:42,1.76,0.75,1.01,0.25,0.0,14.7,6554.8,0.0,0.2,0.18,0.07,0.0,0.01,0.0,0.01
2026-09-13 15:03:43,1.26,0.5,0.76,0.0,0.0,14.7,6554.8,0.0,0.2,0.18,0.07,0.0,0.0,0.0,0.01
2026-09-13 15:03:44,2.51,1.51,1.01,0.25,0.0,14.72,6553.5,0.0,0.2,0.18,0.07,0.0,0.0,0.0,0.01
2026-09-13 15:03:45,1.51,0.5,0.75,0.0,0.25,14.73,6552.6,0.0,0.2,0.18,0.07,0.0,0.0,0.0,0.02
2026-09-13 15:03:46,2.01,1.01,1.01,0.0,0.0,14.8,6546.9,0.0,0.2,0.18,0.07,0.0,0.0,0.0,0.01
2026-09-13 15:03:47,1.51,0.5,1.01,0.0,0.0,14.8,6546.8,0.0,0.19,0.18,0.07,0.25,0.0,0.0,0.01
2026-09-13 15:03:48,1.26,0.5,0.76,0.0,0.0,14.81,6546.4,0.0,0.19,0.18,0.07,0.0,0.0,0.0,0.01
2026-09-13 15:03:49,2.27,1.01,1.26,0.5,0.0,14.81,6545.9,0.0,0.19,0.18,0.07,0.0,0.01,0.0,0.01
2026-09-13 15:03:50,1.01,0.25,0.76,0.0,0.0,14.81,6545.9,0.0,0.19,0.18,0.07,0.0,0.0,0.0,0.01
2026-09-13 15:03:51,1.76,0.5,1.26,0.0,0.0,14.82,6545.7,0.0,0.19,0.18,0.07,0.0,0.38,0.0,0.01
2026-09-13 15:03:52,1.75,0.5,1.0,0.0,0.25,14.82,6545.6,0.0,0.17,0.18,0.07,0.0,0.0,0.0,0.01
2026-09-13 15:03:53,1.51,0.5,1.01,0.0,0.0,14.82,6545.4,0.0,0.17,0.18,0.07,0.0,0.0,0.0,0.01
2026-09-13 15:03:54,1.5,0.5,1.0,0.0,0.0,14.83,6545.0,0.0,0.17,0.18,0.07,0.0,0.0,0.0,0.0
2026-09-13 15:03:55,1.75,0.5,1.25,0.0,0.0,14.84,6543.9,0.0,0.17,0.18,0.07,0.0,0.0,0.0,0.01
2026-09-13 15:03:56,1.26,0.25,1.01,0.0,0.0,14.84,6543.7,0.0,0.17,0.18,0.07,0.0,0.0,0.0,0.01
2026-09-13 15:03:57,2.27,0.76,1.51,0.0,0.0,14.85,6543.3,0.0,0.16,0.17,0.07,0.25,0.38,0.0,0.01
2026-09-13 15:03:58,1.75,0.75,1.0,0.0,0.0,14.85,6543.4,0.0,0.16,0.17,0.07,0.0,0.0,0.0,0.01
2026-09-13 15:03:59,1.76,1.01,0.75,0.5,0.0,14.86,6542.8,0.0,0.16,0.17,0.07,0.0,0.0,0.0,0.0
2026-09-13 15:04:00,1.51,0.5,1.01,0.0,0.0,14.86,6542.7,0.0,0.16,0.17,0.07,0.0,0.0,0.0,0.01
2026-09-13 15:04:01,1.26,0.25,1.01,0.0,0.0,14.86,6542.4,0.0,0.16,0.17,0.07,0.0,0.0,0.0,0.01
2026-09-13 15:04:02,1.51,0.25,1.26,0.0,0.0,14.86,6542.3,0.0,0.15,0.17,0.07,0.0,0.0,0.0,0.01
2026-09-13 15:04:03,3.01,1.75,1.25,0.0,0.0,14.86,6542.1,0.0,0.15,0.17,0.07,0.0,0.38,0.0,0.01
2026-09-13 15:04:04,1.51,0.25,1.26,0.0,0.0,14.86,6542.6,0.0,0.15,0.17,0.07,0.0,0.01,0.0,0.01
2026-09-13 15:04:05,1.26,0.5,0.76,0.0,0.0,14.86,6542.7,0.0,0.15,0.17,0.07,0.0,0.0,0.0,0.01
2026-09-13 15:04:06,1.76,0.25,1.26,0.0,0.25,14.85,6542.8,0.0,0.15,0.17,0.07,0.0,0.0,0.0,0.01
2026-09-13 15:04:07,2.01,0.75,1.25,0.0,0.0,14.85,6542.8,0.0,0.13,0.17,0.07,0.25,0.0,0.0,0.01
2026-09-13 15:04:08,1.76,0.5,1.26,0.0,0.0,14.85,6543.1,0.0,0.13,0.17,0.07,0.0,0.0,0.0,0.0
2026-09-13 15:04:09,1.52,0.76,0.76,0.25,0.0,14.87,6542.0,0.0,0.13,0.17,0.07,0.0,0.38,0.0,0.01
2026-09-13 15:04:10,1.51,0.5,1.01,0.0,0.0,14.87,6541.8,0.0,0.13,0.17,0.07,0.0,0.01,0.0,0.01
2026-09-13 15:04:11,5.78,1.51,4.02,0.0,0.25,14.91,6538.6,0.0,0.13,0.17,0.07,0.0,0.0,0.0,0.01
2026-09-13 15:04:12,8.08,1.77,6.31,0.0,0.0,14.86,6542.5,0.0,0.12,0.16,0.07,0.0,0.01,0.0,0.01
2026-09-13 15:04:13,1.0,0.25,0.75,0.25,0.0,14.86,6542.5,0.0,0.12,0.16,0.07,0.0,0.01,0.0,0.01
2026-09-13 15:04:14,0.76,0.5,0.25,0.0,0.0,14.86,6542.5,0.0,0.12,0.16,0.07,0.0,0.0,0.0,0.01
2026-09-13 15:04:15,0.76,0.25,0.5,0.0,0.0,14.86,6542.5,0.0,0.12,0.16,0.07,0.0,0.38,0.0,0.01
2026-09-13 15:04:16,1.25,0.5,0.75,0.0,0.0,14.86,6542.4,0.0,0.12,0.16,0.07,0.0,0.0,0.0,0.01
2026-09-13 15:04:17,1.51,0.75,0.75,1.51,0.0,14.83,6544.7,0.0,0.11,0.16,0.07,0.25,0.78,0.0,0.01
2026-09-13 15:04:18,0.76,0.25,0.51,0.0,0.0,14.84,6543.8,0.0,0.11,0.16,0.07,0.0,0.0,0.0,0.01
2026-09-13 15:04:19,10.78,9.02,1.75,0.75,0.0,14.72,6553.4,0.0,0.11,0.16,0.07,0.0,0.02,0.0,0.01
2026-09-13 15:04:20,0.76,0.25,0.51,0.0,0.0,14.64,6559.0,0.0,0.11,0.16,0.07,0.0,0.0,0.0,0.01
2026-09-13 15:04:21,1.01,0.25,0.75,0.0,0.0,14.64,6559.0,0.0,0.11,0.16,0.07,0.0,0.0,0.0,0.01
2026-09-13 15:04:22,1.76,1.26,0.5,0.25,0.0,14.61,6561.6,0.0,0.1,0.16,0.07,0.0,0.0,0.0,0.01
2026-09-13 15:04:23,1.0,0.5,0.5,0.0,0.0,14.57,6564.8,0.0,0.1,0.16,0.07,0.0,0.0,0.0,0.01
2026-09-13 15:04:24,0.76,0.0,0.51,0.25,0.25,14.45,6573.7,0.0,0.1,0.16,0.07,0.0,0.01,0.0,0.0
2026-09-13 15:04:25,10.3,8.54,1.76,0.5,0.0,14.71,6553.8,0.0,0.1,0.16,0.07,0.0,0.02,0.0,0.01
2026-09-13 15:04:26,1.26,0.5,0.76,0.0,0.0,14.73,6552.4,0.0,0.1,0.16,0.07,0.0,0.0,0.0,0.01
2026-09-13 15:04:27,1.76,0.75,1.01,0.0,0.0,14.74,6551.4,0.0,0.1,0.16,0.07,0.25,0.0,0.0,0.01
2026-09-13 15:04:28,1.26,0.5,0.76,0.0,0.0,14.73,6552.5,0.0,0.1,0.16,0.07,0.0,0.01,0.0,0.01
2026-09-13 15:04:29,1.75,0.75,1.0,0.5,0.0,14.7,6554.3,0.0,0.1,0.16,0.07,0.0,0.0,0.0,0.01
2026-09-13 15:04:30,1.26,0.5,0.75,0.0,0.0,14.62,6561.0,0.0,0.1,0.16,0.07,0.0,0.0,0.0,0.01
2026-09-13 15:04:31,1.26,0.51,0.76,0.25,0.0,14.6,6562.4,0.0,0.1,0.16,0.07,0.0,0.01,0.0,0.01
2026-09-13 15:04:32,1.26,0.25,1.01,0.0,0.0,14.6,6562.6,0.0,0.09,0.15,0.07,0.0,0.0,0.0,0.01
2026-09-13 15:04:33,1.5,0.5,0.75,0.25,0.25,14.61,6561.8,0.0,0.09,0.15,0.07,0.0,0.01,0.0,0.01
2026-09-13 15:04:34,11.34,9.32,2.02,4.03,0.0,14.69,6555.5,0.0,0.09,0.15,0.07,0.02,0.02,0.0,0.01
2026-09-13 15:04:35,1.26,0.25,1.01,0.0,0.0,14.69,6555.3,0.0,0.09,0.15,0.07,0.0,0.0,0.0,0.01
2026-09-13 15:04:36,2.01,0.75,1.26,0.5,0.0,14.55,6566.3,0.0,0.09,0.15,0.07,0.0,0.01,0.0,0.01
2026-09-13 15:04:37,2.01,0.75,1.26,0.0,0.0,14.6,6562.0,0.0,0.08,0.15,0.07,0.25,0.0,0.0,0.01
2026-09-13 15:04:38,1.5,0.25,1.0,0.0,0.25,14.61,6561.4,0.0,0.08,0.15,0.07,0.0,0.0,0.0,0.0
2026-09-13 15:04:39,2.01,1.01,1.01,1.26,0.0,14.59,6563.4,0.0,0.08,0.15,0.07,0.0,0.01,0.0,0.01
2026-09-13 15:04:40,1.75,0.75,1.0,0.0,0.0,14.6,6562.5,0.0,0.08,0.15,0.07,0.0,0.0,0.0,0.01
2026-09-13 15:04:41,2.52,1.51,1.01,0.0,0.0,14.6,6562.2,0.0,0.08,0.15,0.07,0.0,0.0,0.0,0.01
2026-09-13 15:04:42,1.01,0.5,0.5,0.0,0.0,14.6,6562.2,0.0,0.07,0.15,0.07,0.0,0.0,0.0,0.01
2026-09-13 15:04:43,1.75,0.75,1.0,0.0,0.0,14.6,6562.2,0.0,0.07,0.15,0.07,0.0,0.0,0.0,0.01
2026-09-13 15:04:44,10.8,8.79,2.01,0.75,0.0,14.64,6559.1,0.0,0.07,0.15,0.07,0.0,0.03,0.0,0.01
2026-09-13 15:04:45,1.51,0.5,1.01,0.0,0.0,14.65,6558.2,0.0,0.07,0.15,0.07,0.0,0.0,0.0,0.01
2026-09-13 15:04:46,1.51,0.5,1.01,0.0,0.0,14.65,6558.2,0.0,0.07,0.15,0.07,0.0,0.0,0.0,0.01
2026-09-13 15:04:47,1.76,0.5,1.26,0.0,0.0,14.62,6560.6,0.0,0.07,0.14,0.07,0.25,0.0,0.0,0.01
2026-09-13 15:04:48,1.26,0.5,0.76,0.0,0.0,14.6,6562.6,0.0,0.07,0.14,0.07,0.0,0.0,0.0,0.01
2026-09-13 15:04:49,1.77,0.76,1.01,0.0,0.0,14.57,6565.0,0.0,0.07,0.14,0.07,0.0,0.0,0.0,0.01
2026-09-13 15:04:50,1.51,0.5,1.01,1.51,0.0,14.57,6564.3,0.0,0.07,0.14,0.07,0.0,0.9,0.0,0.01
2026-09-13 15:04:51,1.26,0.5,0.75,0.0,0.0,14.57,6564.7,0.0,0.07,0.14,0.07,0.0,0.0,0.0,0.01
2026-09-13 15:04:52,1.5,0.5,0.75,0.0,0.25,14.58,6563.9,0.0,0.06,0.14,0.07,0.0,0.0,0.0,0.01
2026-09-13 15:04:53,1.26,0.5,0.75,0.0,0.0,14.58,6564.1,0.0,0.06,0.14,0.07,0.0,0.0,0.0,0.01
2026-09-13 15:04:54,0.76,0.25,0.5,0.25,0.0,14.58,6564.3,0.0,0.06,0.14,0.07,0.0,0.01,0.0,0.0
2026-09-13 15:04:55,1.51,0.5,1.01,0.0,0.0,14.57,6564.4,0.0,0.06,0.14,0.07,0.0,0.0,0.0,0.01
2026-09-13 15:04:56,1.26,0.5,0.76,0.0,0.0,14.57,6564.4,0.0,0.06,0.14,0.07,0.0,0.0,0.0,0.01
2026-09-13 15:04:57,1.76,0.76,1.01,0.0,0.0,14.63,6559.9,0.0,0.06,0.14,0.07,0.25,0.0,0.0,0.02
2026-09-13 15:04:58,1.75,0.5,1.0,0.0,0.25,14.64,6559.6,0.0,0.06,0.14,0.07,0.0,0.0,0.0,0.01
2026-09-13 15:04:59,2.02,1.01,1.01,2.02,0.0,14.65,6558.2,0.0,0.06,0.14,0.07,0.0,0.01,0.0,0.0
2026-09-13 15:05:00,2.51,1.5,1.0,0.25,0.0,14.67,6557.4,0.0,0.06,0.14,0.07,0.0,0.01,0.0,0.01
2026-09-13 15:05:01,1.01,0.25,0.76,0.0,0.0,14.66,6557.4,0.0,0.06,0.14,0.07,0.0,0.0,0.0,0.01
2026-09-13 15:05:02,1.26,0.5,0.75,0.0,0.0,14.67,6557.0,0.0,0.05,0.14,0.07,0.0,0.0,0.0,0.01
2026-09-13 15:05:03,1.01,0.51,0.51,0.0,0.0,14.71,6554.2,0.0,0.05,0.14,0.07,0.0,0.0,0.0,0.01
2026-09-13 15:05:04,1.26,0.25,1.01,0.0,0.0,14.7,6554.4,0.0,0.05,0.14,0.07,0.0,0.0,0.0,0.0
2026-09-13 15:05:05,1.51,0.5,1.01,0.0,0.0,14.7,6554.7,0.0,0.05,0.14,0.07,0.0,0.0,0.0,0.0
2026-09-13 15:05:06,1.51,0.5,0.75,0.0,0.25,14.7,6554.9,0.0,0.05,0.14,0.07,0.0,0.0,0.0,0.01
2026-09-13 15:05:07,1.51,0.5,1.01,0.0,0.0,14.71,6554.2,0.0,0.05,0.13,0.07,0.25,0.0,0.0,0.01
2026-09-13 15:05:08,1.51,0.5,1.01,0.0,0.0,14.71,6554.0,0.0,0.05,0.13,0.07,0.0,0.0,0.0,0.01
2026-09-13 15:05:09,1.51,0.76,0.76,0.25,0.0,14.73,6552.7,0.0,0.05,0.13,0.07,0.0,0.0,0.0,0.01
2026-09-13 15:05:10,1.51,0.5,1.01,0.0,0.0,14.73,6552.6,0.0,0.05,0.13,0.07,0.0,0.0,0.0,0.0
2026-09-13 15:05:11,1.01,0.25,0.76,0.0,0.0,14.72,6553.3,0.0,0.05,0.13,0.07,0.0,0.0,0.0,0.01
2026-09-13 15:05:12,1.26,0.5,0.76,0.0,0.0,14.72,6553.2,0.0,0.04,0.13,0.06,0.0,0.0,0.0,0.01
2026-09-13 15:05:13,1.26,0.25,1.01,0.0,0.0,14.72,6553.3,0.0,0.04,0.13,0.06,0.0,0.01,0.01,0.01
2026-09-13 15:05:14,10.58,8.56,2.02,0.5,0.0,14.57,6564.7,0.0,0.04,0.13,0.06,0.0,0.03,0.01,0.01
2026-09-13 15:05:15,1.51,0.5,0.75,0.0,0.25,14.57,6564.6,0.0,0.04,0.13,0.06,0.0,0.01,0.0,0.01
2026-09-13 15:05:16,1.26,0.5,0.75,0.0,0.0,14.57,6564.6,0.0,0.04,0.13,0.06,0.0,0.0,0.0,0.01
2026-09-13 15:05:17,1.76,0.5,1.26,0.0,0.0,14.63,6560.2,0.0,0.04,0.13,0.06,0.25,0.0,0.0,0.01
2026-09-13 15:05:18,1.5,0.5,1.0,0.5,0.0,14.63,6559.7,0.0,0.04,0.13,0.06,0.0,0.05,0.0,0.01
2026-09-13 15:05:19,6.62,4.07,1.78,1.53,0.76,14.68,6556.5,0.0,0.04,0.13,0.06,0.08,5.28,0.11,5.23
2026-09-13 15:05:20,15.11,13.6,1.51,11.08,0.0,14.9,6539.1,0.0,0.04,0.13,0.06,2.61,6.58,0.0,0.01
2026-09-13 15:05:21,28.72,25.69,2.77,10.83,0.25,15.26,6512.0,0.0,0.04,0.13,0.06,9.21,21.22,0.01,0.01
2026-09-13 15:05:22,26.7,20.91,5.79,4.79,0.0,14.96,6535.1,0.0,0.12,0.14,0.07,7.15,2.01,0.0,0.01
2026-09-13 15:05:23,6.33,2.78,3.54,4.05,0.0,14.85,6543.3,0.0,0.12,0.14,0.07,22.2,0.01,0.18,0.02
2026-09-13 15:05:24,1.26,0.25,1.01,0.0,0.0,14.83,6544.5,0.0,0.12,0.14,0.07,0.0,0.0,0.0,0.0
2026-09-13 15:05:25,7.04,4.27,2.76,0.0,0.0,14.75,6550.7,0.0,0.12,0.14,0.07,0.0,0.0,0.0,0.02
2026-09-13 15:05:26,1.5,0.5,0.75,0.75,0.25,14.65,6558.5,0.0,0.12,0.14,0.07,0.0,0.01,0.0,0.01
2026-09-13 15:05:27,1.26,0.5,0.76,0.25,0.0,14.67,6557.3,0.0,0.27,0.18,0.08,0.25,0.27,0.0,0.01
2026-09-13 15:05:28,8.82,7.81,1.01,0.5,0.0,14.79,6547.9,0.0,0.27,0.18,0.08,0.14,0.01,0.01,0.01
2026-09-13 15:05:29,3.27,2.27,1.01,0.5,0.0,14.85,6543.0,0.0,0.27,0.18,0.08,0.0,0.02,0.0,0.01
2026-09-13 15:05:30,10.28,8.27,1.75,1.0,0.25,14.95,6535.2,0.0,0.27,0.18,0.08,0.0,0.02,0.0,0.01
2026-09-13 15:05:31,1.01,0.25,0.76,0.0,0.0,14.96,6534.9,0.0,0.27,0.18,0.08,0.0,0.01,0.0,0.01
2026-09-13 15:05:32,1.75,0.75,1.0,0.0,0.0,14.96,6534.9,0.0,0.25,0.17,0.08,0.0,0.01,0.0,0.01
2026-09-13 15:05:33,1.76,0.5,1.26,0.0,0.0,14.96,6534.7,0.0,0.25,0.17,0.08,0.0,0.0,0.0,0.01
2026-09-13 15:05:34,1.51,0.5,1.01,0.5,0.0,14.97,6534.1,0.0,0.25,0.17,0.08,0.0,0.01,0.0,0.01
2026-09-13 15:05:35,1.51,0.75,0.75,0.0,0.0,14.97,6533.8,0.0,0.25,0.17,0.08,0.0,0.0,0.0,0.0
2026-09-13 15:05:36,11.08,8.82,2.27,0.5,0.0,14.85,6542.9,0.0,0.25,0.17,0.08,0.0,0.02,0.02,0.01
2026-09-13 15:05:37,2.26,1.01,1.26,0.0,0.0,14.95,6535.7,0.0,0.23,0.17,0.08,0.25,0.0,0.0,0.01
2026-09-13 15:05:38,2.02,1.26,0.76,0.25,0.0,14.96,6534.7,0.0,0.23,0.17,0.08,0.0,0.0,0.0,0.01
2026-09-13 15:05:39,2.02,1.01,1.01,0.25,0.0,14.96,6534.7,0.0,0.23,0.17,0.08,0.0,0.0,0.0,0.01
2026-09-13 15:05:40,1.5,0.75,0.75,0.0,0.0,14.97,6534.2,0.0,0.23,0.17,0.08,0.0,0.0,0.0,0.01
2026-09-13 15:05:41,1.76,0.5,1.01,0.0,0.25,14.91,6538.9,0.0,0.23,0.17,0.08,0.0,0.0,0.0,0.01
2026-09-13 15:05:42,1.26,0.5,0.75,0.25,0.0,14.92,6538.1,0.0,0.21,0.17,0.08,0.0,0.01,0.0,0.01
2026-09-13 15:05:43,1.26,0.25,1.01,0.0,0.0,14.93,6537.2,0.0,0.21,0.17,0.08,0.0,0.0,0.0,0.01
2026-09-13 15:05:44,1.26,0.5,0.76,0.0,0.0,14.93,6536.9,0.0,0.21,0.17,0.08,0.0,0.0,0.0,0.01
2026-09-13 15:05:45,1.26,0.51,0.76,0.0,0.0,14.94,6536.6,0.0,0.21,0.17,0.08,0.0,0.0,0.0,0.02
2026-09-13 15:05:46,1.75,0.5,1.25,0.0,0.0,14.94,6536.4,0.0,0.21,0.17,0.08,0.0,0.0,0.0,0.01
2026-09-13 15:05:47,2.02,0.76,1.01,0.0,0.25,14.99,6532.5,0.0,0.19,0.16,0.08,0.25,0.0,0.0,0.01
2026-09-13 15:05:48,1.26,0.5,0.76,0.0,0.0,14.99,6532.0,0.0,0.19,0.16,0.08,0.0,0.0,0.0,0.01
2026-09-13 15:05:49,1.76,0.76,1.01,0.25,0.0,15.0,6531.5,0.0,0.19,0.16,0.08,0.0,0.0,0.0,0.01
2026-09-13 15:05:50,1.51,0.75,0.75,0.0,0.0,15.01,6531.1,0.0,0.19,0.16,0.08,0.0,0.0,0.0,0.01
2026-09-13 15:05:51,1.51,0.25,1.01,0.25,0.25,15.0,6531.4,0.0,0.19,0.16,0.08,0.0,3.36,0.0,0.01
2026-09-13 15:05:52,1.26,0.51,0.76,1.01,0.0,14.99,6532.2,0.0,0.34,0.19,0.09,0.0,1.56,0.0,0.01
2026-09-13 15:05:53,1.5,0.25,1.25,0.0,0.0,14.99,6532.2,0.0,0.34,0.19,0.09,0.0,0.09,0.0,0.01
2026-09-13 15:05:54,1.51,0.76,0.76,0.0,0.0,14.99,6532.2,0.0,0.34,0.19,0.09,0.0,0.0,0.0,0.0
2026-09-13 15:05:55,1.26,0.25,1.01,0.0,0.0,15.0,6531.7,0.0,0.34,0.19,0.09,0.0,0.0,0.0,0.01
2026-09-13 15:05:56,1.26,0.51,0.76,0.0,0.0,15.01,6531.0,0.0,0.34,0.19,0.09,0.0,0.0,0.0,0.01
2026-09-13 15:05:57,2.77,1.51,1.26,0.5,0.0,14.96,6534.7,0.0,0.31,0.19,0.09,0.25,0.06,0.0,0.01
2026-09-13 15:05:58,1.51,0.5,1.01,0.25,0.0,14.97,6534.1,0.0,0.31,0.19,0.09,0.0,0.27,0.0,0.01
2026-09-13 15:05:59,2.01,1.0,1.0,0.25,0.0,14.98,6533.6,0.0,0.31,0.19,0.09,0.0,0.0,0.0,0.0
2026-09-13 15:06:00,1.26,0.25,1.01,0.0,0.0,14.99,6532.6,0.0,0.31,0.19,0.09,0.0,0.0,0.0,0.0
2026-09-13 15:06:01,1.5,0.5,1.0,0.0,0.0,15.0,6531.3,0.0,0.31,0.19,0.09,0.0,0.0,0.0,0.0
2026-09-13 15:06:02,1.01,0.51,0.51,0.0,0.0,15.03,6529.4,0.0,0.28,0.19,0.09,0.0,0.01,0.0,0.01
2026-09-13 15:06:03,2.01,0.75,1.25,0.0,0.0,15.03,6529.2,0.0,0.28,0.19,0.09,0.0,0.01,0.0,0.01
2026-09-13 15:06:04,1.26,0.25,1.01,0.0,0.0,15.04,6528.6,0.0,0.28,0.19,0.09,0.0,0.0,0.0,0.0
2026-09-13 15:06:05,1.75,0.5,1.25,0.0,0.0,15.04,6528.5,0.0,0.28,0.19,0.09,0.0,0.0,0.0,0.01
2026-09-13 15:06:06,1.01,0.51,0.51,0.0,0.0,15.04,6528.4,0.0,0.28,0.19,0.09,0.0,0.0,0.0,0.01
2026-09-13 15:06:07,2.26,0.75,1.5,0.0,0.0,15.09,6524.9,0.0,0.26,0.18,0.09,0.25,0.0,0.0,0.01
2026-09-13 15:06:08,1.5,0.5,0.75,0.0,0.25,15.09,6525.0,0.0,0.26,0.18,0.09,0.0,0.0,0.0,0.0
2026-09-13 15:06:09,2.02,1.01,1.01,0.76,0.0,15.08,6525.4,0.0,0.26,0.18,0.09,0.0,0.01,0.0,0.01
2026-09-13 15:06:10,1.01,0.5,0.5,0.0,0.0,15.07,6525.9,0.0,0.26,0.18,0.09,0.0,0.0,0.0,0.0
2026-09-13 15:06:11,1.75,0.5,1.25,0.0,0.0,15.07,6526.1,0.0,0.26,0.18,0.09,0.0,0.0,0.0,0.01
2026-09-13 15:06:12,1.26,0.5,0.76,0.0,0.0,15.07,6526.4,0.0,0.24,0.18,0.09,0.0,0.0,0.0,0.01
2026-09-13 15:06:13,1.26,0.5,0.76,0.0,0.0,15.06,6526.8,0.0,0.24,0.18,0.09,0.0,0.0,0.0,0.01
2026-09-13 15:06:14,1.75,0.75,1.0,0.0,0.0,15.06,6527.2,0.0,0.24,0.18,0.09,0.0,0.0,0.0,0.01
2026-09-13 15:06:15,1.75,0.5,1.25,0.0,0.0,15.06,6527.1,0.0,0.24,0.18,0.09,0.0,0.0,0.0,0.01
2026-09-13 15:06:16,2.51,1.76,0.75,0.25,0.0,15.06,6527.0,0.0,0.24,0.18,0.09,0.0,0.0,0.0,0.01
2026-09-13 15:06:17,1.76,0.76,1.01,0.0,0.0,15.06,6527.4,0.0,0.22,0.18,0.09,0.25,0.0,0.0,0.01
2026-09-13 15:06:18,1.75,0.5,1.25,0.0,0.0,15.06,6527.4,0.0,0.22,0.18,0.09,0.0,0.0,0.0,0.01
2026-09-13 15:06:19,1.52,0.76,0.76,0.0,0.0,15.06,6527.1,0.0,0.22,0.18,0.09,0.0,0.0,0.0,0.01
2026-09-13 15:06:20,1.76,0.75,1.01,0.0,0.0,15.06,6527.1,0.0,0.22,0.18,0.09,0.0,0.0,0.0,0.01
2026-09-13 15:06:21,1.26,0.25,0.75,0.0,0.25,15.06,6527.1,0.0,0.22,0.18,0.09,0.0,0.0,0.0,0.01
2026-09-13 15:06:22,1.51,0.5,1.01,0.0,0.0,14.96,6534.6,0.0,0.2,0.17,0.09,0.0,0.0,0.0,0.01
2026-09-13 15:06:23,1.75,0.75,1.0,0.0,0.0,14.87,6541.7,0.0,0.2,0.17,0.09,0.0,0.0,0.0,0.01
2026-09-13 15:06:24,2.01,0.75,1.25,0.0,0.0,14.88,6540.7,0.0,0.2,0.17,0.09,0.0,0.0,0.0,0.0
2026-09-13 15:06:25,10.35,8.59,1.77,0.76,0.0,14.73,6552.0,0.0,0.2,0.17,0.09,0.0,0.03,0.0,0.01
2026-09-13 15:06:26,1.75,0.5,1.25,0.0,0.0,14.64,6559.4,0.0,0.2,0.17,0.09,0.0,0.0,0.0,0.01
2026-09-13 15:06:27,2.01,0.5,1.51,0.25,0.0,14.7,6554.6,0.0,0.18,0.17,0.09,0.25,0.88,0.0,0.01
2026-09-13 15:06:28,1.76,0.5,1.01,0.75,0.25,14.71,6554.1,0.0,0.18,0.17,0.09,0.0,0.01,0.0,0.01
2026-09-13 15:06:29,2.01,1.01,1.01,0.25,0.0,14.72,6553.5,0.0,0.18,0.17,0.09,0.0,0.0,0.0,0.01
2026-09-13 15:06:30,1.5,0.5,1.0,0.5,0.0,14.63,6560.1,0.0,0.18,0.17,0.09,0.0,0.01,0.0,0.01
2026-09-13 15:06:31,1.51,0.5,1.01,0.0,0.0,14.64,6559.1,0.0,0.18,0.17,0.09,0.0,0.0,0.0,0.01
2026-09-13 15:06:32,1.5,0.25,1.25,0.0,0.0,14.65,6558.8,0.0,0.17,0.17,0.09,0.0,0.0,0.0,0.01
2026-09-13 15:06:33,2.01,0.75,1.26,0.0,0.0,14.66,6557.5,0.0,0.17,0.17,0.09,0.0,0.02,0.0,0.01
2026-09-13 15:06:34,12.09,10.08,2.02,0.76,0.0,14.9,6539.0,0.0,0.17,0.17,0.09,0.0,0.02,0.0,0.01
2026-09-13 15:06:35,2.77,1.51,1.26,0.25,0.0,14.9,6539.0,0.0,0.17,0.17,0.09,0.0,0.0,0.0,0.01
2026-09-13 15:06:36,2.01,0.75,1.26,0.0,0.0,14.9,6539.3,0.0,0.17,0.17,0.09,0.0,0.0,0.0,0.01
2026-09-13 15:06:37,2.27,1.01,1.01,0.0,0.25,14.88,6540.8,0.0,0.24,0.18,0.09,0.25,0.0,0.0,0.01
2026-09-13 15:06:38,2.02,0.76,1.26,1.01,0.0,14.79,6548.1,0.0,0.24,0.18,0.09,0.0,0.02,0.0,0.0
2026-09-13 15:06:39,2.01,1.01,1.01,0.25,0.0,14.81,6546.6,0.0,0.24,0.18,0.09,0.0,0.01,0.0,0.01
2026-09-13 15:06:40,1.51,0.5,1.01,0.0,0.0,14.81,6546.1,0.0,0.24,0.18,0.09,0.0,0.0,0.0,0.01
2026-09-13 15:06:41,1.75,0.5,1.25,0.0,0.0,14.81,6546.1,0.0,0.24,0.18,0.09,0.0,0.0,0.0,0.01
2026-09-13 15:06:42,1.75,0.25,1.5,0.0,0.0,14.81,6546.1,0.0,0.22,0.18,0.09,0.0,0.0,0.0,0.01
2026-09-13 15:06:43,1.26,0.5,0.76,0.0,0.0,14.82,6545.1,0.0,0.22,0.18,0.09,0.0,0.0,0.0,0.01
2026-09-13 15:06:44,2.01,0.5,1.25,0.0,0.25,14.83,6544.8,0.0,0.22,0.18,0.09,0.0,0.0,0.0,0.01
2026-09-13 15:06:45,1.26,0.76,0.5,0.0,0.0,14.84,6543.7,0.0,0.22,0.18,0.09,0.0,0.01,0.0,0.01
2026-09-13 15:06:46,1.76,0.5,1.26,0.0,0.0,14.86,6542.6,0.0,0.22,0.18,0.09,0.0,0.0,0.0,0.01
2026-09-13 15:06:47,1.76,0.76,1.01,0.0,0.0,14.92,6537.5,0.0,0.2,0.18,0.09,0.25,0.0,0.0,0.01
2026-09-13 15:06:48,1.76,0.5,1.26,0.0,0.0,14.92,6538.1,0.0,0.2,0.18,0.09,0.0,0.0,0.0,0.01
2026-09-13 15:06:49,2.51,1.25,1.0,0.25,0.25,14.92,6537.9,0.0,0.2,0.18,0.09,0.0,0.0,0.0,0.01
2026-09-13 15:06:50,1.76,0.75,1.01,0.0,0.0,14.92,6537.8,0.0,0.2,0.18,0.09,0.0,0.0,0.0,0.01
2026-09-13 15:06:51,1.51,0.5,1.01,0.0,0.0,14.92,6537.5,0.0,0.2,0.18,0.09,0.0,0.0,0.0,0.01
2026-09-13 15:06:52,2.01,0.75,1.25,0.0,0.0,14.94,6536.5,0.0,0.26,0.19,0.1,0.0,0.0,0.0,0.01
2026-09-13 15:06:53,1.51,0.5,1.01,0.0,0.0,14.94,6536.1,0.0,0.26,0.19,0.1,0.0,0.01,0.0,0.01
2026-09-13 15:06:54,2.51,1.76,0.75,0.25,0.0,14.95,6535.7,0.0,0.26,0.19,0.1,0.0,0.0,0.0,0.0
2026-09-13 15:06:55,1.75,0.25,1.5,0.0,0.0,14.96,6534.7,0.0,0.26,0.19,0.1,0.0,0.0,0.0,0.01
2026-09-13 15:06:56,1.51,0.5,1.01,0.0,0.0,14.97,6534.0,0.0,0.26,0.19,0.1,0.0,0.0,0.0,0.01
2026-09-13 15:06:57,2.51,1.0,1.25,0.0,0.25,15.0,6531.8,0.0,0.24,0.19,0.09,0.25,0.0,0.0,0.02
2026-09-13 15:06:58,1.51,0.5,1.01,0.0,0.0,15.0,6532.0,0.0,0.24,0.19,0.09,0.0,0.0,0.0,0.01
2026-09-13 15:06:59,2.02,1.01,1.01,0.51,0.0,14.99,6532.4,0.0,0.24,0.19,0.09,0.0,0.01,0.0,0.01
2026-09-13 15:07:00,1.51,0.5,1.01,0.0,0.0,14.99,6532.8,0.0,0.24,0.19,0.09,0.0,0.0,0.0,0.01
2026-09-13 15:07:01,11.34,8.82,2.52,1.51,0.0,14.84,6543.6,0.0,0.24,0.19,0.09,0.0,0.03,0.07,0.01
2026-09-13 15:07:02,1.51,0.5,1.01,0.0,0.0,14.84,6543.6,0.0,0.22,0.18,0.09,0.0,0.0,0.0,0.01
2026-09-13 15:07:03,1.52,0.51,1.01,0.0,0.0,14.86,6542.7,0.0,0.22,0.18,0.09,0.0,0.0,0.0,0.01
2026-09-13 15:07:04,1.51,0.5,1.01,0.0,0.0,14.86,6542.7,0.0,0.22,0.18,0.09,0.0,0.01,0.0,0.0
2026-09-13 15:07:05,2.01,0.75,1.01,1.01,0.25,14.85,6542.9,0.0,0.22,0.18,0.09,0.0,0.89,0.0,0.01
2026-09-13 15:07:06,1.26,0.5,0.76,0.0,0.0,14.86,6542.7,0.0,0.22,0.18,0.09,0.0,0.0,0.0,0.01
2026-09-13 15:07:07,2.01,0.75,1.26,0.25,0.0,14.86,6542.5,0.0,0.21,0.18,0.09,0.25,0.01,0.0,0.01
2026-09-13 15:07:08,1.26,0.51,0.76,0.0,0.0,14.86,6542.2,0.0,0.21,0.18,0.09,0.0,0.0,0.0,0.01
2026-09-13 15:07:09,1.77,1.01,0.76,0.0,0.0,14.87,6542.0,0.0,0.21,0.18,0.09,0.0,0.01,0.0,0.01
2026-09-13 15:07:10,1.5,0.75,0.75,0.25,0.0,14.87,6542.0,0.0,0.21,0.18,0.09,0.0,0.01,0.0,0.0
2026-09-13 15:07:11,1.26,0.5,0.75,0.0,0.0,14.87,6542.0,0.0,0.21,0.18,0.09,0.0,0.0,0.0,0.01
2026-09-13 15:07:12,0.76,0.25,0.5,0.0,0.0,14.87,6542.0,0.0,0.19,0.18,0.09,0.0,0.0,0.0,0.01
2026-09-13 15:07:13,1.75,0.75,1.0,0.25,0.0,14.87,6542.0,0.0,0.19,0.18,0.09,0.0,0.0,0.0,0.01
2026-09-13 15:07:14,1.51,1.01,0.5,0.25,0.0,14.76,6549.8,0.0,0.19,0.18,0.09,0.0,0.01,0.0,0.01
2026-09-13 15:07:15,1.01,0.25,0.76,0.25,0.0,14.77,6549.7,0.0,0.19,0.18,0.09,0.0,0.39,0.0,0.01
2026-09-13 15:07:16,1.26,0.5,0.5,0.0,0.25,14.76,6549.8,0.0,0.19,0.18,0.09,0.0,0.0,0.0,0.01
2026-09-13 15:07:17,1.75,0.75,1.0,0.0,0.0,14.76,6549.8,0.0,0.17,0.17,0.09,0.25,0.0,0.0,0.01
2026-09-13 15:07:18,1.26,0.5,0.75,0.0,0.0,14.77,6549.6,0.0,0.17,0.17,0.09,0.0,0.0,0.0,0.01
2026-09-13 15:07:19,1.01,0.25,0.75,0.0,0.0,14.77,6549.6,0.0,0.17,0.17,0.09,0.0,0.0,0.0,0.01
2026-09-13 15:07:20,1.76,1.01,0.75,0.25,0.0,14.77,6549.6,0.0,0.17,0.17,0.09,0.0,0.38,0.0,0.01
2026-09-13 15:07:21,1.01,0.25,0.76,0.0,0.0,14.77,6549.7,0.0,0.17,0.17,0.09,0.0,0.01,0.0,0.01
2026-09-13 15:07:22,1.25,0.5,0.75,0.0,0.0,14.76,6549.8,0.0,0.16,0.17,0.09,0.0,0.0,0.0,0.0
2026-09-13 15:07:23,1.25,0.5,0.5,0.0,0.25,14.76,6549.8,0.0,0.16,0.17,0.09,0.0,0.0,0.0,0.01
2026-09-13 15:07:24,0.76,0.25,0.5,0.0,0.0,14.76,6549.8,0.0,0.16,0.17,0.09,0.0,0.0,0.0,0.0
2026-09-13 15:07:25,1.26,0.5,0.75,0.0,0.0,14.76,6549.8,0.0,0.16,0.17,0.09,0.0,0.0,0.0,0.01
2026-09-13 15:07:26,1.26,0.5,0.75,0.0,0.0,14.76,6549.8,0.0,0.16,0.17,0.09,0.0,0.0,0.0,0.01
2026-09-13 15:07:27,10.58,8.82,1.76,0.5,0.0,14.6,6562.5,0.0,0.15,0.17,0.09,0.25,0.04,0.0,0.01
2026-09-13 15:07:28,1.26,0.76,0.5,0.0,0.0,14.63,6559.9,0.0,0.15,0.17,0.09,0.0,0.0,0.0,0.01
2026-09-13 15:07:29,11.06,8.54,2.26,0.5,0.25,14.54,6566.9,0.0,0.15,0.17,0.09,0.0,0.03,0.0,0.01
2026-09-13 15:07:30,1.75,1.0,0.75,0.25,0.0,14.55,6566.1,0.0,0.15,0.17,0.09,0.0,0.0,0.0,0.01
2026-09-13 15:07:31,1.01,0.25,0.76,0.0,0.0,14.55,6566.1,0.0,0.15,0.17,0.09,0.0,0.0,0.0,0.01
2026-09-13 15:07:32,7.56,6.3,1.26,0.5,0.0,14.8,6547.1,0.0,0.13,0.16,0.09,0.0,0.02,0.0,0.02
2026-09-13 15:07:33,5.79,4.53,1.26,0.76,0.0,14.66,6557.5,0.0,0.13,0.16,0.09,0.0,0.02,0.0,0.01
2026-09-13 15:07:34,1.5,0.75,0.75,0.25,0.0,14.67,6557.4,0.0,0.13,0.16,0.09,0.0,0.01,0.0,0.01
2026-09-13 15:07:35,1.5,0.75,0.75,0.0,0.0,14.67,6557.4,0.0,0.13,0.16,0.09,0.0,0.0,0.0,0.0
2026-09-13 15:07:36,1.5,0.5,1.0,0.0,0.0,14.57,6564.4,0.0,0.13,0.16,0.09,0.0,0.01,0.0,0.01
2026-09-13 15:07:37,2.01,0.75,1.25,0.25,0.0,14.63,6559.9,0.0,0.12,0.16,0.09,0.25,0.01,0.0,0.01
2026-09-13 15:07:38,1.01,0.5,0.5,0.25,0.0,14.57,6565.0,0.0,0.12,0.16,0.09,0.0,0.01,0.0,0.01
2026-09-13 15:07:39,1.26,0.25,0.76,0.0,0.25,14.57,6565.0,0.0,0.12,0.16,0.09,0.0,0.01,0.0,0.01
2026-09-13 15:07:40,1.76,1.01,0.75,1.26,0.0,14.59,6563.2,0.0,0.12,0.16,0.09,0.0,0.89,0.0,0.01
2026-09-13 15:07:41,1.26,0.5,0.75,0.0,0.0,14.59,6563.2,0.0,0.12,0.16,0.09,0.0,0.0,0.0,0.01
2026-09-13 15:07:42,1.01,0.5,0.5,0.0,0.0,14.59,6563.2,0.0,0.11,0.16,0.09,0.0,0.0,0.0,0.01
2026-09-13 15:07:43,1.26,0.5,0.75,0.0,0.0,14.59,6563.1,0.0,0.11,0.16,0.09,0.0,0.0,0.0,0.01
2026-09-13 15:07:44,1.26,0.5,0.75,0.0,0.0,14.59,6563.1,0.0,0.11,0.16,0.09,0.0,0.0,0.0,0.01
2026-09-13 15:07:45,1.26,0.5,0.75,0.0,0.0,14.59,6562.9,0.0,0.11,0.16,0.09,0.0,0.01,0.0,0.02
2026-09-13 15:07:46,1.01,0.25,0.5,0.0,0.25,14.59,6562.9,0.0,0.11,0.16,0.09,0.0,0.0,0.0,0.01
2026-09-13 15:07:47,1.76,0.76,1.01,0.0,0.0,14.65,6558.4,0.0,0.18,0.17,0.09,0.25,0.0,0.0,0.01
2026-09-13 15:07:48,1.26,0.5,0.75,0.0,0.0,14.66,6558.1,0.0,0.18,0.17,0.09,0.0,0.0,0.0,0.01
2026-09-13 15:07:49,1.51,0.75,0.75,0.0,0.0,14.66,6558.1,0.0,0.18,0.17,0.09,0.0,0.0,0.0,0.01
2026-09-13 15:07:50,1.51,0.75,0.75,0.25,0.0,14.66,6558.1,0.0,0.18,0.17,0.09,0.0,0.0,0.0,0.0
2026-09-13 15:07:51,1.01,0.5,0.5,0.0,0.0,14.66,6558.1,0.0,0.18,0.17,0.09,0.0,0.0,0.0,0.0
2026-09-13 15:07:52,2.26,1.5,0.75,0.25,0.0,14.66,6558.1,0.0,0.17,0.17,0.09,0.0,0.0,0.0,0.01
2026-09-13 15:07:53,1.5,0.5,1.0,0.0,0.0,14.66,6558.1,0.0,0.17,0.17,0.09,0.0,0.0,0.0,0.01
2026-09-13 15:07:54,1.26,0.5,0.76,0.0,0.0,14.66,6558.1,0.0,0.17,0.17,0.09,0.0,0.01,0.0,0.0
2026-09-13 15:07:55,1.26,0.5,0.75,0.0,0.0,14.66,6557.8,0.0,0.17,0.17,0.09,0.0,0.0,0.0,0.01
2026-09-13 15:07:56,1.26,0.5,0.76,0.0,0.0,14.66,6557.8,0.0,0.17,0.17,0.09,0.0,0.0,0.0,0.01
2026-09-13 15:07:57,1.76,0.75,1.01,0.0,0.0,14.71,6553.9,0.0,0.32,0.2,0.1,0.25,0.0,0.0,0.01
2026-09-13 15:07:58,1.26,0.25,0.75,0.0,0.25,14.71,6553.9,0.0,0.32,0.2,0.1,0.0,0.0,0.0,0.01
2026-09-13 15:07:59,1.26,0.5,0.75,0.0,0.0,14.71,6553.9,0.0,0.32,0.2,0.1,0.0,0.0,0.0,0.01
2026-09-13 15:08:00,2.01,1.0,1.0,0.5,0.0,14.71,6553.9,0.0,0.32,0.2,0.1,0.0,0.01,0.0,0.01
2026-09-13 15:08:01,1.01,0.5,0.5,0.0,0.0,14.71,6553.7,0.0,0.32,0.2,0.1,0.0,0.0,0.0,0.01
2026-09-13 15:08:02,1.26,0.5,0.75,0.0,0.0,14.71,6553.7,0.0,0.29,0.2,0.1,0.0,0.0,0.0,0.01
2026-09-13 15:08:03,2.01,0.75,1.0,0.0,0.25,14.71,6553.7,0.0,0.29,0.2,0.1,0.0,0.0,0.0,0.01
2026-09-13 15:08:04,1.26,0.75,0.5,0.0,0.0,14.71,6553.7,0.0,0.29,0.2,0.1,0.0,0.0,0.0,0.0
2026-09-13 15:08:05,1.51,0.5,1.01,0.0,0.0,14.71,6553.7,0.0,0.29,0.2,0.1,0.0,0.0,0.0,0.0
2026-09-13 15:08:06,1.5,0.75,0.75,0.0,0.0,14.71,6553.7,0.0,0.29,0.2,0.1,0.0,0.01,0.0,0.01
2026-09-13 15:08:07,5.04,3.27,1.76,0.0,0.0,14.73,6552.5,0.0,0.27,0.19,0.1,0.25,0.0,0.01,0.01
2026-09-13 15:08:08,7.58,6.06,1.52,0.51,0.0,14.69,6555.3,0.0,0.27,0.19,0.1,0.0,0.03,0.0,0.01
2026-09-13 15:08:09,1.5,0.75,0.75,0.0,0.0,14.69,6555.5,0.0,0.27,0.19,0.1,0.0,0.0,0.0,0.01
2026-09-13 15:08:10,2.01,1.0,0.75,0.25,0.25,14.71,6553.8,0.0,0.27,0.19,0.1,0.0,0.0,0.0,0.01
2026-09-13 15:08:11,2.51,1.5,1.0,0.25,0.0,14.73,6552.5,0.0,0.27,0.19,0.1,0.0,0.0,0.0,0.01
2026-09-13 15:08:12,1.01,0.5,0.5,0.0,0.0,14.73,6552.5,0.0,0.25,0.19,0.1,0.0,0.0,0.0,0.01
2026-09-13 15:08:13,1.01,0.25,0.76,0.25,0.0,14.68,6555.9,0.0,0.25,0.19,0.1,0.0,0.01,0.0,0.01
2026-09-13 15:08:14,1.75,0.75,0.75,1.25,0.25,14.68,6555.9,0.0,0.25,0.19,0.1,0.0,0.91,0.0,0.01
2026-09-13 15:08:15,1.26,0.5,0.75,2.26,0.0,14.69,6555.7,0.0,0.25,0.19,0.1,0.0,0.23,0.0,0.01
2026-09-13 15:08:16,1.26,0.5,0.75,0.0,0.0,14.69,6555.8,0.0,0.25,0.19,0.1,0.0,0.01,0.0,0.01
2026-09-13 15:08:17,2.01,1.01,1.01,0.0,0.0,14.69,6555.4,0.0,0.31,0.2,0.1,0.25,0.0,0.0,0.01
2026-09-13 15:08:18,1.26,0.5,0.76,0.0,0.0,14.7,6555.0,0.0,0.31,0.2,0.1,0.0,0.0,0.0,0.01
2026-09-13 15:08:19,1.51,0.5,1.01,0.0,0.0,14.7,6555.0,0.0,0.31,0.2,0.1,0.0,0.0,0.0,0.01
2026-09-13 15:08:20,1.76,1.01,0.75,0.25,0.0,14.7,6555.0,0.0,0.31,0.2,0.1,0.0,0.01,0.0,0.01
2026-09-13 15:08:21,1.5,0.5,1.0,0.0,0.0,14.7,6555.0,0.0,0.31,0.2,0.1,0.0,0.01,0.0,0.01
2026-09-13 15:08:22,1.26,0.5,0.5,0.0,0.25,14.7,6555.0,0.0,0.28,0.2,0.1,0.0,0.0,0.0,0.0
2026-09-13 15:08:23,1.26,0.5,0.75,0.0,0.0,14.7,6555.0,0.0,0.28,0.2,0.1,0.0,0.0,0.0,0.01
2026-09-13 15:08:24,10.8,8.79,2.01,0.5,0.0,14.83,6544.4,0.0,0.28,0.2,0.1,0.0,0.05,0.01,0.0
2026-09-13 15:08:25,1.26,0.5,0.75,0.0,0.0,14.83,6544.6,0.0,0.28,0.2,0.1,0.0,0.0,0.0,0.01
2026-09-13 15:08:26,1.5,0.75,0.75,0.0,0.0,14.83,6544.6,0.0,0.28,0.2,0.1,0.0,0.01,0.0,0.01
2026-09-13 15:08:27,1.52,0.76,0.76,0.0,0.0,14.9,6539.1,0.0,0.26,0.2,0.1,0.25,0.0,0.0,0.01
2026-09-13 15:08:28,1.26,0.5,0.76,0.0,0.0,14.9,6539.0,0.0,0.26,0.2,0.1,0.0,0.0,0.0,0.01
2026-09-13 15:08:29,1.5,0.5,1.0,0.0,0.0,14.8,6546.9,0.0,0.26,0.2,0.1,0.0,0.0,0.0,0.01
2026-09-13 15:08:30,3.01,1.75,1.0,1.5,0.25,14.82,6545.1,0.0,0.26,0.2,0.1,0.0,0.01,0.0,0.01
2026-09-13 15:08:31,1.75,0.5,1.25,0.0,0.0,14.82,6545.1,0.0,0.26,0.2,0.1,0.0,0.0,0.0,0.01
2026-09-13 15:08:32,1.26,0.5,0.75,0.0,0.0,14.82,6545.1,0.0,0.24,0.19,0.1,0.0,0.0,0.0,0.01
2026-09-13 15:08:33,1.26,0.5,0.76,0.0,0.0,14.83,6544.5,0.0,0.24,0.19,0.1,0.0,0.0,0.0,0.02
2026-09-13 15:08:34,1.51,0.5,0.75,0.0,0.25,14.83,6544.5,0.0,0.24,0.19,0.1,0.0,0.0,0.0,0.01
2026-09-13 15:08:35,1.26,0.5,0.75,0.25,0.0,14.83,6544.5,0.0,0.24,0.19,0.1,0.0,0.01,0.0,0.0
2026-09-13 15:08:36,1.51,0.75,0.75,0.0,0.0,14.83,6544.5,0.0,0.24,0.19,0.1,0.0,0.0,0.0,0.01
2026-09-13 15:08:37,1.76,0.75,0.75,0.0,0.25,14.86,6542.1,0.0,0.22,0.19,0.1,0.25,0.0,0.0,0.01
2026-09-13 15:08:38,1.75,0.75,1.0,0.0,0.0,14.86,6542.0,0.0,0.22,0.19,0.1,0.0,0.01,0.0,0.0
2026-09-13 15:08:39,1.26,0.5,0.75,0.0,0.0,14.86,6542.0,0.0,0.22,0.19,0.1,0.0,0.0,0.0,0.01
2026-09-13 15:08:40,1.76,1.26,0.5,0.25,0.0,14.87,6541.8,0.0,0.22,0.19,0.1,0.0,0.0,0.0,0.01
2026-09-13 15:08:41,1.26,0.5,0.76,0.25,0.0,14.87,6541.8,0.0,0.22,0.19,0.1,0.0,0.01,0.0,0.01
2026-09-13 15:08:42,1.01,0.5,0.5,0.0,0.0,14.87,6542.0,0.0,0.2,0.19,0.1,0.0,0.0,0.0,0.01
2026-09-13 15:08:43,1.26,0.25,1.01,0.0,0.0,14.86,6542.0,0.0,0.2,0.19,0.1,0.0,0.0,0.0,0.01
2026-09-13 15:08:44,1.26,0.25,0.75,0.0,0.25,14.86,6542.0,0.0,0.2,0.19,0.1,0.0,0.07,0.0,0.01
2026-09-13 15:08:45,1.26,0.76,0.5,0.0,0.0,14.87,6541.5,0.0,0.2,0.19,0.1,0.0,0.0,0.0,0.02
2026-09-13 15:08:46,1.5,0.5,1.0,1.0,0.0,14.87,6541.7,0.0,0.2,0.19,0.1,0.0,0.52,0.0,0.01
2026-09-13 15:08:47,1.01,0.5,0.5,1.01,0.0,14.86,6542.0,0.0,0.35,0.22,0.11,0.0,1.14,0.0,0.01
2026-09-13 15:08:48,2.26,0.75,1.25,0.0,0.25,14.86,6542.1,0.0,0.35,0.22,0.11,0.25,0.0,0.0,0.01
2026-09-13 15:08:49,2.02,1.26,0.76,0.25,0.0,14.84,6543.8,0.0,0.35,0.22,0.11,0.0,0.0,0.0,0.01
2026-09-13 15:08:50,1.76,1.01,0.75,0.25,0.0,14.84,6543.9,0.0,0.35,0.22,0.11,0.0,0.0,0.0,0.01
2026-09-13 15:08:51,1.51,0.5,1.01,0.25,0.0,14.84,6543.9,0.0,0.35,0.22,0.11,0.0,0.0,0.0,0.01
2026-09-13 15:08:52,1.5,0.5,1.0,0.0,0.0,14.84,6543.9,0.0,0.32,0.21,0.11,0.0,0.0,0.0,0.01
2026-09-13 15:08:53,1.26,0.5,0.75,0.0,0.0,14.84,6543.8,0.0,0.32,0.21,0.11,0.0,0.0,0.0,0.01
2026-09-13 15:08:54,1.01,0.25,0.76,0.0,0.0,14.84,6543.7,0.0,0.32,0.21,0.11,0.0,0.0,0.0,0.0
2026-09-13 15:08:55,1.01,0.25,0.75,0.0,0.0,14.84,6543.7,0.0,0.32,0.21,0.11,0.0,0.0,0.0,0.01
2026-09-13 15:08:56,1.51,0.75,0.75,0.0,0.0,14.84,6543.7,0.0,0.32,0.21,0.11,0.0,0.01,0.0,0.01
2026-09-13 15:08:57,1.26,0.5,0.5,0.0,0.25,14.84,6543.7,0.0,0.29,0.21,0.11,0.0,0.0,0.0,0.02
2026-09-13 15:08:58,1.51,0.76,0.76,0.0,0.0,14.84,6543.7,0.0,0.29,0.21,0.11,0.25,0.0,0.0,0.01
2026-09-13 15:08:59,1.26,0.5,0.75,0.0,0.0,14.84,6543.7,0.0,0.29,0.21,0.11,0.0,0.0,0.0,0.0
2026-09-13 15:09:00,1.76,1.01,0.75,0.25,0.0,14.84,6543.7,0.0,0.29,0.21,0.11,0.0,0.0,0.0,0.01
2026-09-13 15:09:01,1.26,0.5,0.75,0.0,0.0,14.84,6543.7,0.0,0.29,0.21,0.11,0.0,0.0,0.0,0.0
2026-09-13 15:09:02,1.25,0.5,0.75,0.0,0.0,14.84,6543.7,0.0,0.27,0.21,0.11,0.0,0.0,0.0,0.01
2026-09-13 15:09:03,1.01,0.51,0.51,0.0,0.0,14.78,6548.9,0.0,0.27,0.21,0.11,0.0,0.01,0.0,0.01
2026-09-13 15:09:04,1.26,0.5,0.75,0.0,0.0,14.79,6547.8,0.0,0.27,0.21,0.11,0.0,0.0,0.0,0.0
2026-09-13 15:09:05,1.5,0.5,0.75,0.0,0.25,14.79,6547.8,0.0,0.27,0.21,0.11,0.0,0.0,0.0,0.0
2026-09-13 15:09:06,1.26,0.5,0.75,0.0,0.0,14.79,6547.8,0.0,0.27,0.21,0.11,0.0,0.0,0.0,0.01
2026-09-13 15:09:07,1.26,0.5,0.75,0.0,0.0,14.79,6547.8,0.0,0.25,0.2,0.11,0.0,0.0,0.0,0.01
2026-09-13 15:09:08,2.77,1.76,1.01,0.5,0.0,14.79,6547.6,0.0,0.25,0.2,0.11,0.25,0.01,0.0,0.01
2026-09-13 15:09:09,1.26,0.5,0.75,0.0,0.0,14.79,6547.6,0.0,0.25,0.2,0.11,0.0,0.0,0.0,0.01
2026-09-13 15:09:10,1.76,0.76,1.01,0.0,0.0,14.8,6547.4,0.0,0.25,0.2,0.11,0.0,0.0,0.0,0.01
2026-09-13 15:09:11,1.26,0.5,0.75,0.0,0.0,14.8,6547.3,0.0,0.25,0.2,0.11,0.0,0.0,0.0,0.01
2026-09-13 15:09:12,1.01,0.25,0.75,0.0,0.0,14.8,6547.3,0.0,0.23,0.2,0.1,0.0,0.0,0.0,0.01
2026-09-13 15:09:13,1.26,0.5,0.76,0.0,0.0,14.8,6547.3,0.0,0.23,0.2,0.1,0.0,0.0,0.0,0.01
2026-09-13 15:09:14,1.25,0.5,0.75,0.0,0.0,14.8,6547.3,0.0,0.23,0.2,0.1,0.0,0.0,0.0,0.01
2026-09-13 15:09:15,1.5,0.25,1.0,0.0,0.25,14.8,6547.3,0.0,0.23,0.2,0.1,0.0,0.0,0.0,0.01
2026-09-13 15:09:16,1.01,0.5,0.5,0.0,0.0,14.8,6547.3,0.0,0.23,0.2,0.1,0.0,0.0,0.0,0.01
2026-09-13 15:09:17,1.01,0.25,0.76,0.0,0.0,14.8,6547.3,0.0,0.21,0.2,0.1,0.0,0.0,0.0,0.01
2026-09-13 15:09:18,2.26,0.75,1.5,0.0,0.0,14.85,6543.1,0.0,0.21,0.2,0.1,0.25,0.0,0.0,0.01
2026-09-13 15:09:19,1.26,0.75,0.5,1.51,0.0,14.85,6543.2,0.0,0.21,0.2,0.1,0.0,0.78,0.0,0.01
2026-09-13 15:09:20,1.51,0.76,0.76,0.25,0.0,14.85,6543.2,0.0,0.21,0.2,0.1,0.0,0.0,0.0,0.01
2026-09-13 15:09:21,1.25,0.5,0.75,0.0,0.0,14.85,6543.3,0.0,0.21,0.2,0.1,0.0,0.0,0.0,0.01
2026-09-13 15:09:22,1.26,0.5,0.75,0.0,0.0,14.85,6543.3,0.0,0.19,0.19,0.1,0.0,0.0,0.0,0.0
2026-09-13 15:09:23,1.5,0.5,1.0,0.0,0.0,14.85,6543.1,0.0,0.19,0.19,0.1,0.0,0.0,0.0,0.01
2026-09-13 15:09:24,1.26,0.75,0.5,0.0,0.0,14.85,6543.0,0.0,0.19,0.19,0.1,0.0,0.0,0.0,0.0
2026-09-13 15:09:25,1.26,0.5,0.5,0.0,0.25,14.85,6543.0,0.0,0.19,0.19,0.1,0.0,0.0,0.0,0.01
2026-09-13 15:09:26,1.51,0.76,0.76,0.0,0.0,14.85,6543.0,0.0,0.19,0.19,0.1,0.0,0.0,0.0,0.01
2026-09-13 15:09:27,2.02,1.26,0.76,0.0,0.0,14.77,6549.3,0.0,0.18,0.19,0.1,0.0,0.0,0.0,0.01
2026-09-13 15:09:28,2.01,1.01,0.75,0.0,0.25,14.78,6548.3,0.0,0.18,0.19,0.1,0.25,0.0,0.0,0.01
2026-09-13 15:09:29,1.01,0.5,0.5,0.0,0.0,14.78,6548.3,0.0,0.18,0.19,0.1,0.0,0.0,0.0,0.0
2026-09-13 15:09:30,2.0,1.0,1.0,0.25,0.0,14.78,6548.3,0.0,0.18,0.19,0.1,0.0,0.0,0.0,0.01
2026-09-13 15:09:31,1.01,0.5,0.5,0.0,0.0,14.78,6548.3,0.0,0.18,0.19,0.1,0.0,0.0,0.0,0.01
2026-09-13 15:09:32,9.07,7.3,1.76,0.25,0.0,14.82,6545.6,0.0,0.16,0.18,0.1,0.0,0.02,0.0,0.02
2026-09-13 15:09:33,3.27,2.01,1.01,0.5,0.25,14.62,6560.9,0.0,0.16,0.18,0.1,0.0,0.02,0.0,0.01
2026-09-13 15:09:34,1.26,0.5,0.75,0.0,0.0,14.62,6560.9,0.0,0.16,0.18,0.1,0.0,0.0,0.0,0.0
2026-09-13 15:09:35,1.01,0.25,0.76,0.0,0.0,14.62,6560.9,0.0,0.16,0.18,0.1,0.0,0.0,0.0,0.0
2026-09-13 15:09:36,1.75,0.75,1.0,0.0,0.0,14.61,6562.0,0.0,0.16,0.18,0.1,0.0,0.0,0.0,0.01
2026-09-13 15:09:37,1.51,0.75,0.75,0.0,0.0,14.5,6569.8,0.0,0.15,0.18,0.1,0.0,0.0,0.0,0.01
2026-09-13 15:09:38,1.76,1.01,0.76,0.0,0.0,14.58,6564.2,0.0,0.15,0.18,0.1,0.25,0.04,0.0,0.01
2026-09-13 15:09:39,1.5,0.5,1.0,0.0,0.0,14.58,6564.2,0.0,0.15,0.18,0.1,0.0,0.01,0.0,0.01
2026-09-13 15:09:40,1.76,1.01,0.75,0.25,0.0,14.59,6563.3,0.0,0.15,0.18,0.1,0.0,0.01,0.0,0.01
2026-09-13 15:09:41,1.26,0.5,0.75,0.0,0.0,14.59,6563.2,0.0,0.15,0.18,0.1,0.0,0.0,0.0,0.01
2026-09-13 15:09:42,1.5,0.75,0.75,0.0,0.0,14.59,6563.2,0.0,0.14,0.18,0.1,0.0,0.0,0.0,0.01
2026-09-13 15:09:43,1.75,0.5,1.0,0.0,0.25,14.59,6563.2,0.0,0.14,0.18,0.1,0.0,0.03,0.0,0.01
2026-09-13 15:09:44,1.26,0.5,0.75,0.0,0.0,14.59,6563.2,0.0,0.14,0.18,0.1,0.0,0.0,0.0,0.01
2026-09-13 15:09:45,1.5,0.75,0.75,0.0,0.0,14.59,6563.2,0.0,0.14,0.18,0.1,0.0,0.0,0.0,0.02
2026-09-13 15:09:46,2.02,1.26,0.76,0.25,0.0,14.6,6562.7,0.0,0.14,0.18,0.1,0.0,0.0,0.0,0.01
2026-09-13 15:09:47,1.26,0.25,1.01,0.0,0.0,14.6,6562.7,0.0,0.12,0.17,0.1,0.0,0.0,0.0,0.01
2026-09-13 15:09:48,1.76,0.76,1.01,0.0,0.0,14.66,6557.8,0.0,0.12,0.17,0.1,0.25,0.0,0.0,0.01
2026-09-13 15:09:49,1.26,0.5,0.76,1.01,0.0,14.66,6557.7,0.0,0.12,0.17,0.1,0.0,0.89,0.0,0.01
2026-09-13 15:09:50,1.75,1.0,0.75,0.25,0.0,14.66,6557.7,0.0,0.12,0.17,0.1,0.0,0.01,0.0,0.01
2026-09-13 15:09:51,1.01,0.25,0.76,0.0,0.0,14.66,6557.8,0.0,0.12,0.17,0.1,0.0,0.0,0.0,0.01
2026-09-13 15:09:52,1.26,0.5,0.5,0.0,0.25,14.66,6557.6,0.0,0.19,0.19,0.1,0.0,0.0,0.0,0.01
2026-09-13 15:09:53,1.25,0.5,0.75,0.0,0.0,14.66,6557.6,0.0,0.19,0.19,0.1,0.0,0.0,0.0,0.01
2026-09-13 15:09:54,1.26,0.5,0.76,0.0,0.0,14.66,6557.6,0.0,0.19,0.19,0.1,0.0,0.01,0.0,0.0
2026-09-13 15:09:55,1.26,0.75,0.5,0.0,0.0,14.66,6557.6,0.0,0.19,0.19,0.1,0.0,0.0,0.0,0.01
2026-09-13 15:09:56,1.26,0.25,1.01,0.0,0.0,14.66,6557.6,0.0,0.19,0.19,0.1,0.0,0.0,0.0,0.01
2026-09-13 15:09:57,1.26,0.5,0.75,0.0,0.0,14.66,6557.6,0.0,0.26,0.2,0.11,0.0,0.0,0.0,0.01
2026-09-13 15:09:58,2.01,0.75,1.25,0.0,0.0,14.68,6556.6,0.0,0.26,0.2,0.11,0.25,0.0,0.0,0.01
2026-09-13 15:09:59,1.26,0.75,0.5,0.0,0.0,14.68,6556.6,0.0,0.26,0.2,0.11,0.0,0.0,0.0,0.0
2026-09-13 15:10:00,1.76,1.01,0.5,0.5,0.25,14.68,6556.6,0.0,0.26,0.2,0.11,0.0,0.01,0.0,0.0
2026-09-13 15:10:01,1.26,0.5,0.76,0.0,0.0,14.68,6556.6,0.0,0.26,0.2,0.11,0.0,0.0,0.0,0.0
2026-09-13 15:10:02,1.25,0.5,0.5,0.0,0.25,14.68,6556.6,0.0,0.24,0.2,0.11,0.0,0.0,0.0,0.01
2026-09-13 15:10:03,1.26,0.76,0.51,0.0,0.0,14.68,6556.6,0.0,0.24,0.2,0.11,0.0,0.03,0.0,0.01
2026-09-13 15:10:04,1.26,0.5,0.75,0.0,0.0,14.68,6556.6,0.0,0.24,0.2,0.11,0.0,0.38,0.0,0.0
2026-09-13 15:10:05,2.26,1.51,0.75,0.25,0.0,14.68,6556.3,0.0,0.24,0.2,0.11,0.0,0.01,0.0,0.01
2026-09-13 15:10:06,1.26,0.5,0.76,0.0,0.0,14.68,6556.4,0.0,0.24,0.2,0.11,0.0,0.0,0.0,0.01
2026-09-13 15:10:07,1.01,0.5,0.5,0.0,0.0,14.68,6556.4,0.0,0.22,0.2,0.11,0.0,0.0,0.0,0.01
2026-09-13 15:10:08,1.76,1.01,0.75,0.0,0.0,14.68,6556.5,0.0,0.22,0.2,0.11,0.25,0.0,0.0,0.01
2026-09-13 15:10:09,0.76,0.25,0.5,0.5,0.0,14.68,6556.5,0.0,0.22,0.2,0.11,0.0,0.03,0.0,0.01
2026-09-13 15:10:10,1.76,1.01,0.76,0.25,0.0,14.68,6556.5,0.0,0.22,0.2,0.11,0.0,0.0,0.0,0.01
2026-09-13 15:10:11,1.26,0.25,1.01,0.0,0.0,14.68,6556.3,0.0,0.22,0.2,0.11,0.0,0.01,0.0,0.01
2026-09-13 15:10:12,1.25,0.5,0.75,0.0,0.0,14.68,6556.3,0.0,0.2,0.19,0.1,0.0,0.0,0.0,0.01
2026-09-13 15:10:13,1.51,0.5,0.75,1.26,0.25,14.68,6556.3,0.0,0.2,0.19,0.1,0.0,0.0,0.0,0.01
2026-09-13 15:10:14,1.01,0.5,0.5,0.25,0.0,14.68,6556.3,0.0,0.2,0.19,0.1,0.0,0.01,0.0,0.01
2026-09-13 15:10:15,1.26,0.5,0.75,0.0,0.0,14.68,6556.3,0.0,0.2,0.19,0.1,0.0,0.0,0.0,0.01
2026-09-13 15:10:16,1.26,0.75,0.5,0.0,0.0,14.68,6556.3,0.0,0.2,0.19,0.1,0.0,0.0,0.0,0.01
2026-09-13 15:10:17,1.01,0.25,0.76,0.0,0.0,14.68,6556.0,0.0,0.18,0.19,0.1,0.0,0.0,0.0,0.01
2026-09-13 15:10:18,2.01,1.01,1.01,0.0,0.0,14.68,6556.1,0.0,0.18,0.19,0.1,0.25,0.0,0.0,0.01
2026-09-13 15:10:19,1.26,0.25,1.01,1.01,0.0,14.68,6556.2,0.0,0.18,0.19,0.1,0.0,0.77,0.0,0.01
2026-09-13 15:10:20,1.76,1.01,0.5,0.25,0.25,14.68,6556.2,0.0,0.18,0.19,0.1,0.0,0.0,0.0,0.01
2026-09-13 15:10:22,1.5,0.5,1.0,0.0,0.0,14.68,6556.2,0.0,0.18,0.19,0.1,0.0,0.0,0.0,0.01
2026-09-13 15:10:23,1.26,0.5,0.75,0.0,0.0,14.68,6556.4,0.0,0.17,0.19,0.1,0.0,0.0,0.0,0.0
2026-09-13 15:10:24,1.26,0.5,0.76,0.0,0.0,14.68,6556.4,0.0,0.17,0.19,0.1,0.0,0.0,0.0,0.01
2026-09-13 15:10:25,2.01,1.26,0.75,0.25,0.0,14.68,6556.4,0.0,0.17,0.19,0.1,0.0,0.0,0.0,0.0
2026-09-13 15:10:26,1.51,0.75,0.75,0.0,0.0,14.68,6556.4,0.0,0.17,0.19,0.1,0.0,0.01,0.0,0.01
2026-09-13 15:10:27,1.26,0.75,0.5,0.0,0.0,14.68,6556.4,0.0,0.17,0.19,0.1,0.0,0.0,0.0,0.01
2026-09-13 15:10:28,1.26,0.5,0.75,0.0,0.0,14.68,6556.4,0.0,0.16,0.18,0.1,0.0,0.0,0.0,0.01
2026-09-13 15:10:29,2.01,1.01,1.01,0.0,0.0,14.68,6555.9,0.0,0.16,0.18,0.1,0.25,0.0,0.0,0.01
2026-09-13 15:10:30,1.26,0.25,0.75,0.0,0.25,14.68,6555.9,0.0,0.16,0.18,0.1,0.0,0.0,0.0,0.01
2026-09-13 15:10:31,1.76,1.01,0.75,0.25,0.0,14.68,6555.9,0.0,0.16,0.18,0.1,0.0,0.0,0.0,0.01
2026-09-13 15:10:32,1.26,0.5,0.75,0.0,0.0,14.68,6555.9,0.0,0.16,0.18,0.1,0.0,0.0,0.0,0.01
2026-09-13 15:10:33,1.26,0.5,0.75,0.0,0.0,14.68,6555.9,0.0,0.14,0.18,0.1,0.0,0.0,0.0,0.01
2026-09-13 15:10:34,1.75,0.5,1.0,0.0,0.25,14.68,6555.9,0.0,0.14,0.18,0.1,0.0,0.0,0.0,0.01
2026-09-13 15:10:35,1.26,0.5,0.75,0.0,0.0,14.68,6555.9,0.0,0.14,0.18,0.1,0.0,0.0,0.0,0.01
2026-09-13 15:10:36,1.26,0.5,0.75,0.0,0.0,14.69,6555.7,0.0,0.14,0.18,0.1,0.0,0.0,0.0,0.01
2026-09-13 15:10:37,1.51,0.75,0.75,0.0,0.0,14.69,6555.7,0.0,0.14,0.18,0.1,0.0,0.0,0.0,0.01
2026-09-13 15:10:38,1.26,0.5,0.5,0.0,0.25,14.69,6555.7,0.0,0.13,0.18,0.1,0.0,0.0,0.0,0.01
2026-09-13 15:10:39,1.76,0.76,1.01,0.0,0.0,14.69,6555.7,0.0,0.13,0.18,0.1,0.25,0.0,0.0,0.01
2026-09-13 15:10:40,1.01,0.5,0.5,0.0,0.0,14.69,6555.7,0.0,0.13,0.18,0.1,0.0,0.0,0.0,0.01
2026-09-13 15:10:41,1.76,1.01,0.75,0.0,0.0,14.69,6555.7,0.0,0.13,0.18,0.1,0.0,0.02,0.0,0.01
2026-09-13 15:10:42,1.26,0.5,0.75,0.0,0.0,14.69,6555.4,0.0,0.13,0.18,0.1,0.0,0.0,0.0,0.01
2026-09-13 15:10:43,1.26,0.5,0.75,0.0,0.0,14.69,6555.4,0.0,0.12,0.17,0.1,0.0,0.01,0.0,0.01
2026-09-13 15:10:44,2.27,1.51,0.76,0.25,0.0,14.69,6555.4,0.0,0.12,0.17,0.1,0.0,0.01,0.0,0.01
2026-09-13 15:10:45,1.26,0.5,0.75,0.0,0.0,14.69,6555.4,0.0,0.12,0.17,0.1,0.0,0.0,0.0,0.01
2026-09-13 15:10:46,1.26,0.25,0.75,0.0,0.25,14.69,6555.4,0.0,0.12,0.17,0.1,0.0,0.0,0.0,0.02
2026-09-13 15:10:47,1.26,0.5,0.76,0.0,0.0,14.69,6555.4,0.0,0.12,0.17,0.1,0.0,0.0,0.0,0.01
2026-09-13 15:10:48,1.01,0.5,0.5,0.0,0.0,14.69,6555.4,0.0,0.19,0.19,0.1,0.0,0.0,0.0,0.01
2026-09-13 15:10:49,2.26,1.0,1.0,0.0,0.25,14.7,6554.7,0.0,0.19,0.19,0.1,0.25,0.0,0.0,0.01
2026-09-13 15:10:50,1.01,0.5,0.5,0.0,0.0,14.7,6554.7,0.0,0.19,0.19,0.1,0.0,0.0,0.0,0.01
2026-09-13 15:10:51,1.51,1.01,0.5,0.25,0.0,14.7,6554.7,0.0,0.19,0.19,0.1,0.0,0.0,0.0,0.01
2026-09-13 15:10:52,1.5,0.75,0.75,0.0,0.0,14.7,6554.7,0.0,0.19,0.19,0.1,0.0,0.0,0.0,0.01
2026-09-13 15:10:53,1.5,0.5,1.0,0.75,0.0,14.7,6554.8,0.0,0.26,0.2,0.11,0.0,0.77,0.0,0.01
2026-09-13 15:10:54,1.26,0.25,1.01,0.0,0.0,14.7,6554.8,0.0,0.26,0.2,0.11,0.0,0.0,0.0,0.01
2026-09-13 15:10:55,1.5,0.75,0.75,0.0,0.0,14.7,6554.8,0.0,0.26,0.2,0.11,0.0,0.0,0.0,0.0
2026-09-13 15:10:56,1.01,0.25,0.76,0.0,0.0,14.7,6554.8,0.0,0.26,0.2,0.11,0.0,0.0,0.0,0.01
2026-09-13 15:10:57,1.26,0.75,0.5,0.0,0.0,14.7,6554.8,0.0,0.26,0.2,0.11,0.0,0.0,0.0,0.01
2026-09-13 15:10:58,1.26,0.5,0.76,0.0,0.0,14.7,6554.6,0.0,0.24,0.2,0.11,0.0,0.0,0.0,0.02
2026-09-13 15:10:59,1.51,0.76,0.76,0.0,0.0,14.7,6554.6,0.0,0.24,0.2,0.11,0.25,0.0,0.0,0.01
2026-09-13 15:11:00,1.5,0.5,0.75,0.0,0.25,14.7,6554.6,0.0,0.24,0.2,0.11,0.0,0.0,0.0,0.0
2026-09-13 15:11:01,1.51,1.01,0.5,0.5,0.0,14.7,6554.6,0.0,0.24,0.2,0.11,0.0,0.0,0.0,0.01
2026-09-13 15:11:02,1.26,0.5,0.75,0.0,0.0,14.7,6554.6,0.0,0.24,0.2,0.11,0.0,0.0,0.0,0.01
2026-09-13 15:11:03,2.02,1.26,0.76,0.25,0.0,14.7,6554.6,0.0,0.22,0.19,0.11,0.0,0.0,0.0,0.01
2026-09-13 15:11:04,1.51,0.5,0.75,0.0,0.25,14.7,6554.6,0.0,0.22,0.19,0.11,0.0,0.0,0.0,0.01
2026-09-13 15:11:05,1.26,0.5,0.75,0.0,0.0,14.7,6554.6,0.0,0.22,0.19,0.11,0.0,0.0,0.0,0.0
2026-09-13 15:11:06,1.26,0.5,0.75,0.0,0.0,14.7,6554.6,0.0,0.22,0.19,0.11,0.0,0.0,0.0,0.0
2026-09-13 15:11:07,1.5,0.5,1.0,0.0,0.0,14.7,6554.6,0.0,0.22,0.19,0.11,0.0,0.01,0.0,0.01
2026-09-13 15:11:08,1.26,0.5,0.75,0.0,0.0,14.7,6554.4,0.0,0.2,0.19,0.11,0.0,0.0,0.0,0.01
2026-09-13 15:11:09,1.52,0.76,0.76,0.0,0.0,14.71,6554.1,0.0,0.2,0.19,0.11,0.25,0.0,0.0,0.01
2026-09-13 15:11:10,1.5,0.5,1.0,0.0,0.0,14.71,6554.1,0.0,0.2,0.19,0.11,0.0,0.0,0.0,0.01
2026-09-13 15:11:11,1.51,0.76,0.76,0.0,0.0,14.71,6554.1,0.0,0.2,0.19,0.11,0.0,0.0,0.0,0.01
2026-09-13 15:11:12,1.51,0.5,0.75,0.0,0.25,14.71,6554.1,0.0,0.2,0.19,0.11,0.0,0.0,0.0,0.01
2026-09-13 15:11:13,1.25,0.5,0.75,0.0,0.0,14.71,6554.1,0.0,0.18,0.19,0.1,0.0,0.0,0.0,0.01
2026-09-13 15:11:14,1.01,0.5,0.5,0.0,0.0,14.71,6554.1,0.0,0.18,0.19,0.1,0.0,0.01,0.0,0.01
2026-09-13 15:11:15,1.26,0.5,0.75,0.0,0.0,14.71,6554.1,0.0,0.18,0.19,0.1,0.0,0.0,0.0,0.01
2026-09-13 15:11:16,1.26,0.5,0.76,0.0,0.0,14.71,6553.9,0.0,0.18,0.19,0.1,0.0,0.0,0.0,0.01
2026-09-13 15:11:17,1.01,0.5,0.5,0.0,0.0,14.71,6553.9,0.0,0.18,0.19,0.1,0.0,0.0,0.0,0.0
2026-09-13 15:11:18,1.01,0.25,0.76,0.0,0.0,14.71,6553.9,0.0,0.25,0.2,0.11,0.0,0.01,0.0,0.01
2026-09-13 15:11:19,2.25,0.75,1.25,0.0,0.25,14.71,6553.6,0.0,0.25,0.2,0.11,0.25,0.0,0.0,0.01
2026-09-13 15:11:20,1.51,0.5,1.01,0.0,0.0,14.71,6553.6,0.0,0.25,0.2,0.11,0.0,0.0,0.0,0.01
2026-09-13 15:11:21,2.01,1.25,0.75,0.25,0.0,14.71,6553.6,0.0,0.25,0.2,0.11,0.0,0.0,0.0,0.01
2026-09-13 15:11:22,2.02,1.26,0.76,0.25,0.0,14.71,6553.6,0.0,0.25,0.2,0.11,0.0,0.0,0.0,0.01
2026-09-13 15:11:23,1.01,0.25,0.75,0.25,0.0,14.71,6553.8,0.0,0.23,0.2,0.11,0.0,0.76,0.0,0.01
2026-09-13 15:11:24,1.5,0.75,0.75,0.5,0.0,14.71,6553.8,0.0,0.23,0.2,0.11,0.0,0.0,0.0,0.01
2026-09-13 15:11:25,1.26,0.5,0.76,0.0,0.0,14.71,6553.9,0.0,0.23,0.2,0.11,0.0,0.01,0.0,0.0
2026-09-13 15:11:26,1.5,0.75,0.5,0.0,0.25,14.71,6553.9,0.0,0.23,0.2,0.11,0.0,0.0,0.0,0.01
2026-09-13 15:11:27,1.51,0.75,0.75,0.0,0.0,14.71,6554.0,0.0,0.23,0.2,0.11,0.0,0.0,0.0,0.01
2026-09-13 15:11:28,1.26,0.5,0.75,0.0,0.0,14.71,6554.0,0.0,0.21,0.19,0.11,0.0,0.0,0.0,0.01
2026-09-13 15:11:29,1.51,0.76,0.76,0.0,0.0,14.71,6553.8,0.0,0.21,0.19,0.11,0.25,0.0,0.0,0.01
