时间,CPU占用(%),PSS占用(MB),RSS占用(MB),private_Dirty占用(MB),swap占用(MB),磁盘读速度(MB/s),磁盘写速度(MB/s),网络发送速度(MB/s),网络接收速度(MB/s),RssAnon(MB),RssFile(MB),进程数
2026-09-13 15:06:35,1.0,23.49,34.44,8.72,0.0,0.0,0.0,0.0,0.01,8.72,25.71,4
2026-09-13 15:06:36,1.0,23.52,34.57,8.73,0.0,0.0,0.0,0.0,0.01,8.73,25.84,4
2026-09-13 15:06:37,0.0,23.53,34.58,8.74,0.0,0.0,0.0,0.0,0.01,8.74,25.84,4
2026-09-13 15:06:38,2.0,22.94,29.83,8.4,0.0,0.0,0.0,0.0,0.0,8.4,21.43,2
2026-09-13 15:06:39,0.0,22.94,29.83,8.4,0.0,0.0,0.0,0.0,0.01,8.4,21.43,2
2026-09-13 15:06:40,0.0,22.95,29.84,8.41,0.0,0.0,0.0,0.0,0.01,8.41,21.43,2
2026-09-13 15:06:41,1.0,22.95,29.84,8.41,0.0,0.0,0.0,0.0,0.01,8.41,21.43,2
2026-09-13 15:06:42,1.0,22.95,29.84,8.41,0.0,0.0,0.0,0.0,0.01,8.41,21.43,2
2026-09-13 15:06:43,0.0,22.95,29.84,8.41,0.0,0.0,0.0,0.0,0.01,8.41,21.43,2
2026-09-13 15:06:44,1.0,22.95,29.84,8.41,0.0,0.0,0.0,0.0,0.01,8.41,21.43,2
2026-09-13 15:06:45,1.0,22.95,29.84,8.41,0.0,0.0,0.0,0.0,0.01,8.41,21.43,2
2026-09-13 15:06:46,0.0,22.95,29.84,8.41,0.0,0.0,0.0,0.0,0.01,8.41,21.43,2
2026-09-13 15:06:47,1.0,22.95,29.84,8.41,0.0,0.0,0.0,0.0,0.01,8.41,21.43,2
2026-09-13 15:06:48,1.0,22.95,29.84,8.41,0.0,0.0,0.0,0.0,0.01,8.41,21.43,2
2026-09-13 15:06:49,1.0,22.95,29.84,8.41,0.0,0.0,0.0,0.0,0.01,8.41,21.43,2
2026-09-13 15:06:50,1.0,22.95,29.84,8.41,0.0,0.0,0.0,0.0,0.01,8.41,21.43,2
2026-09-13 15:06:51,0.0,22.95,29.84,8.41,0.0,0.0,0.0,0.0,0.01,8.41,21.43,2
2026-09-13 15:06:52,0.0,22.95,29.84,8.41,0.0,0.0,0.0,0.0,0.01,8.41,21.43,2
2026-09-13 15:06:53,1.0,22.95,29.84,8.41,0.0,0.0,0.0,0.0,0.01,8.41,21.43,2
2026-09-13 15:06:54,1.0,22.95,29.84,8.41,0.0,0.0,0.0,0.0,0.0,8.41,21.43,2
2026-09-13 15:06:55,1.0,22.95,29.84,8.41,0.0,0.0,0.0,0.0,0.01,8.41,21.43,2
2026-09-13 15:06:56,0.0,22.95,29.84,8.41,0.0,0.0,0.0,0.0,0.01,8.41,21.43,2
2026-09-13 15:06:57,1.0,22.95,29.84,8.41,0.0,0.0,0.0,0.0,0.02,8.41,21.43,2
2026-09-13 15:06:58,1.0,22.95,29.84,8.41,0.0,0.0,0.0,0.0,0.01,8.41,21.43,2
2026-09-13 15:06:59,0.0,22.95,29.84,8.41,0.0,0.0,0.0,0.0,0.01,8.41,21.43,2
2026-09-13 15:07:00,1.0,22.95,29.84,8.41,0.0,0.0,0.0,0.0,0.01,8.41,21.43,2
2026-09-13 15:07:01,1.0,22.95,29.84,8.41,0.0,0.0,0.0,0.07,0.01,8.41,21.43,2
2026-09-13 15:07:02,0.0,22.95,29.84,8.41,0.0,0.0,0.0,0.0,0.01,8.41,21.43,2
2026-09-13 15:07:03,1.0,22.95,29.84,8.41,0.0,0.0,0.0,0.0,0.01,8.41,21.43,2
2026-09-13 15:07:04,0.0,22.95,29.84,8.41,0.0,0.0,0.0,0.0,0.0,8.41,21.43,2
2026-09-13 15:07:05,2.0,22.95,29.84,8.41,0.0,0.01,0.0,0.0,0.01,8.41,21.43,2
2026-09-13 15:07:06,0.0,22.95,29.84,8.41,0.0,0.0,0.0,0.0,0.01,8.41,21.43,2
2026-09-13 15:07:07,1.0,22.95,29.84,8.41,0.0,0.0,0.0,0.0,0.01,8.41,21.43,2
2026-09-13 15:07:08,0.0,22.95,29.84,8.41,0.0,0.0,0.0,0.0,0.01,8.41,21.43,2
2026-09-13 15:07:09,1.0,22.95,29.84,8.41,0.0,0.0,0.0,0.0,0.01,8.41,21.43,2
2026-09-13 15:07:10,1.0,22.95,29.84,8.41,0.0,0.0,0.0,0.0,0.0,8.41,21.43,2
2026-09-13 15:07:11,0.0,22.95,29.84,8.41,0.0,0.0,0.0,0.0,0.01,8.41,21.43,2
2026-09-13 15:07:12,1.0,22.95,29.84,8.41,0.0,0.0,0.0,0.0,0.01,8.41,21.43,2
2026-09-13 15:07:13,1.0,22.95,29.84,8.41,0.0,0.0,0.0,0.0,0.01,8.41,21.43,2
2026-09-13 15:07:14,1.0,22.95,29.84,8.41,0.0,0.0,0.0,0.0,0.01,8.41,21.43,2
2026-09-13 15:07:15,0.0,22.96,29.84,8.41,0.0,0.0,0.0,0.0,0.01,8.41,21.43,2
2026-09-13 15:07:16,1.0,22.96,29.84,8.41,0.0,0.0,0.0,0.0,0.01,8.41,21.43,2
2026-09-13 15:07:17,1.0,22.96,29.84,8.41,0.0,0.0,0.0,0.0,0.01,8.41,21.43,2
2026-09-13 15:07:18,1.0,22.96,29.84,8.41,0.0,0.0,0.0,0.0,0.01,8.41,21.43,2
2026-09-13 15:07:19,0.0,22.96,29.84,8.41,0.0,0.0,0.0,0.0,0.01,8.41,21.43,2
2026-09-13 15:07:20,0.0,22.96,29.84,8.41,0.0,0.0,0.0,0.0,0.01,8.41,21.43,2
2026-09-13 15:07:21,2.0,22.96,29.84,8.41,0.0,0.0,0.0,0.0,0.01,8.41,21.43,2
2026-09-13 15:07:22,0.0,22.96,29.84,8.41,0.0,0.0,0.0,0.0,0.0,8.41,21.43,2
2026-09-13 15:07:23,1.0,22.96,29.84,8.41,0.0,0.0,0.0,0.0,0.01,8.41,21.43,2
2026-09-13 15:07:24,0.0,22.96,29.84,8.41,0.0,0.0,0.0,0.0,0.0,8.41,21.43,2
2026-09-13 15:07:25,1.0,22.96,29.84,8.41,0.0,0.0,0.0,0.0,0.01,8.41,21.43,2
2026-09-13 15:07:26,1.0,22.96,29.84,8.41,0.0,0.0,0.0,0.0,0.01,8.41,21.43,2
2026-09-13 15:07:27,0.0,22.96,29.84,8.41,0.0,0.0,0.0,0.0,0.01,8.41,21.43,2
2026-09-13 15:07:28,1.0,22.95,29.84,8.41,0.0,0.0,0.0,0.0,0.01,8.41,21.43,2
2026-09-13 15:07:29,1.0,22.97,29.86,8.43,0.0,0.0,0.0,0.0,0.01,8.43,21.43,2
2026-09-13 15:07:30,0.0,22.97,29.86,8.43,0.0,0.0,0.0,0.0,0.01,8.43,21.43,2
2026-09-13 15:07:31,1.0,22.97,29.86,8.43,0.0,0.0,0.0,0.0,0.01,8.43,21.43,2
2026-09-13 15:07:32,0.0,30.08,46.72,14.66,0.0,0.0,0.0,0.0,0.02,14.66,32.07,5
2026-09-13 15:07:33,2.0,30.11,46.86,14.67,0.0,0.0,0.0,0.0,0.01,14.67,32.19,5
2026-09-13 15:07:34,2.0,30.13,46.88,14.68,0.0,0.0,0.0,0.0,0.01,14.68,32.19,5
2026-09-13 15:07:35,1.0,30.13,46.88,14.69,0.0,0.0,0.0,0.0,0.0,14.69,32.19,5
2026-09-13 15:07:36,1.0,29.5,42.19,14.36,0.0,0.0,0.0,0.0,0.01,14.36,27.83,3
2026-09-13 15:07:37,1.0,29.5,42.19,14.36,0.0,0.0,0.0,0.0,0.01,14.36,27.83,3
2026-09-13 15:07:38,2.0,29.51,42.2,14.37,0.0,0.0,0.0,0.0,0.01,14.37,27.83,3
2026-09-13 15:07:39,1.0,29.51,42.2,14.37,0.0,0.0,0.0,0.0,0.01,14.37,27.83,3
2026-09-13 15:07:40,1.0,29.51,42.2,14.37,0.0,0.0,0.0,0.0,0.01,14.37,27.83,3
2026-09-13 15:07:41,2.0,29.51,42.2,14.37,0.0,0.0,0.0,0.0,0.01,14.37,27.83,3
2026-09-13 15:07:42,1.0,29.51,42.2,14.37,0.0,0.0,0.0,0.0,0.01,14.37,27.83,3
2026-09-13 15:07:43,2.0,29.51,42.2,14.37,0.0,0.0,0.0,0.0,0.01,14.37,27.83,3
2026-09-13 15:07:44,1.0,29.51,42.2,14.37,0.0,0.0,0.0,0.0,0.01,14.37,27.83,3
2026-09-13 15:07:46,2.0,29.51,42.2,14.37,0.0,0.0,0.0,0.0,0.02,14.37,27.83,3
2026-09-13 15:07:47,1.0,29.51,42.2,14.37,0.0,0.0,0.0,0.0,0.01,14.37,27.83,3
2026-09-13 15:07:48,1.0,29.5,42.2,14.37,0.0,0.0,0.0,0.0,0.01,14.37,27.83,3
2026-09-13 15:07:49,2.0,29.51,42.2,14.37,0.0,0.0,0.0,0.0,0.01,14.37,27.83,3
2026-09-13 15:07:50,1.0,29.51,42.2,14.37,0.0,0.0,0.0,0.0,0.01,14.37,27.83,3
2026-09-13 15:07:51,1.0,29.51,42.2,14.37,0.0,0.0,0.0,0.0,0.0,14.37,27.83,3
2026-09-13 15:07:52,2.0,29.51,42.2,14.37,0.0,0.0,0.0,0.0,0.0,14.37,27.83,3
2026-09-13 15:07:53,1.0,29.51,42.2,14.37,0.0,0.0,0.0,0.0,0.01,14.37,27.83,3
2026-09-13 15:07:54,1.0,29.51,42.2,14.37,0.0,0.0,0.0,0.0,0.01,14.37,27.83,3
2026-09-13 15:07:55,2.0,29.51,42.2,14.37,0.0,0.0,0.0,0.0,0.0,14.37,27.83,3
2026-09-13 15:07:56,1.0,29.51,42.2,14.37,0.0,0.0,0.0,0.0,0.01,14.37,27.83,3
2026-09-13 15:07:57,1.0,29.51,42.2,14.37,0.0,0.0,0.0,0.0,0.01,14.37,27.83,3
2026-09-13 15:07:58,2.0,29.51,42.2,14.37,0.0,0.0,0.0,0.0,0.01,14.37,27.83,3
2026-09-13 15:07:59,1.0,29.51,42.2,14.38,0.0,0.0,0.0,0.0,0.0,14.38,27.83,3
2026-09-13 15:08:00,2.0,29.51,42.2,14.38,0.0,0.0,0.0,0.0,0.01,14.38,27.83,3
2026-09-13 15:08:01,1.0,29.51,42.2,14.38,0.0,0.0,0.0,0.0,0.01,14.38,27.83,3
2026-09-13 15:08:02,2.0,29.51,42.2,14.38,0.0,0.0,0.0,0.0,0.01,14.38,27.83,3
2026-09-13 15:08:03,0.0,29.51,42.2,14.38,0.0,0.01,0.0,0.0,0.01,14.38,27.83,3
2026-09-13 15:08:04,3.0,29.51,42.2,14.38,0.0,0.0,0.0,0.0,0.0,14.38,27.83,3
2026-09-13 15:08:05,0.0,29.51,42.2,14.38,0.0,0.0,0.0,0.0,0.0,14.38,27.83,3
2026-09-13 15:08:06,3.0,29.51,42.2,14.38,0.0,0.0,0.0,0.0,0.01,14.38,27.83,3
2026-09-13 15:08:07,1.0,29.51,42.2,14.38,0.0,0.0,0.0,0.0,0.01,14.38,27.83,3
2026-09-13 15:08:08,1.0,29.51,42.2,14.38,0.0,0.0,0.0,0.01,0.01,14.38,27.83,3
2026-09-13 15:08:09,2.0,29.51,42.2,14.38,0.0,0.0,0.0,0.0,0.01,14.38,27.83,3
2026-09-13 15:08:10,0.0,29.51,42.2,14.38,0.0,0.0,0.0,0.0,0.0,14.38,27.83,3
2026-09-13 15:08:11,4.0,29.51,42.2,14.38,0.0,0.0,0.0,0.0,0.01,14.38,27.83,3
2026-09-13 15:08:12,0.0,29.51,42.2,14.38,0.0,0.0,0.0,0.0,0.01,14.38,27.83,3
2026-09-13 15:08:13,1.0,29.51,42.2,14.38,0.0,0.0,0.0,0.0,0.01,14.38,27.83,3
2026-09-13 15:08:14,1.0,29.51,42.2,14.38,0.0,0.0,0.0,0.0,0.0,14.38,27.83,3
2026-09-13 15:08:15,2.0,29.51,42.2,14.38,0.0,0.0,0.0,0.0,0.01,14.38,27.83,3
2026-09-13 15:08:16,2.0,29.51,42.2,14.38,0.0,0.0,0.0,0.0,0.01,14.38,27.83,3
2026-09-13 15:08:17,1.0,29.51,42.2,14.38,0.0,0.0,0.0,0.0,0.01,14.38,27.83,3
2026-09-13 15:08:18,1.0,29.51,42.2,14.38,0.0,0.0,0.0,0.0,0.01,14.38,27.83,3
2026-09-13 15:08:19,2.0,29.51,42.2,14.38,0.0,0.0,0.0,0.0,0.01,14.38,27.83,3
2026-09-13 15:08:20,1.0,29.51,42.2,14.38,0.0,0.0,0.0,0.0,0.01,14.38,27.83,3
2026-09-13 15:08:21,1.0,29.51,42.2,14.38,0.0,0.01,0.0,0.0,0.01,14.38,27.83,3
2026-09-13 15:08:22,2.0,29.51,42.2,14.38,0.0,0.0,0.0,0.0,0.01,14.38,27.83,3
2026-09-13 15:08:23,1.0,29.51,42.2,14.38,0.0,0.0,0.0,0.0,0.01,14.38,27.83,3
2026-09-13 15:08:24,2.0,29.51,42.2,14.38,0.0,0.0,0.0,0.0,0.0,14.38,27.83,3
2026-09-13 15:08:25,1.0,29.51,42.2,14.38,0.0,0.0,0.0,0.01,0.01,14.38,27.83,3
2026-09-13 15:08:26,2.0,29.51,42.2,14.38,0.0,0.0,0.0,0.0,0.01,14.38,27.83,3
2026-09-13 15:08:27,0.0,29.51,42.2,14.38,0.0,0.0,0.0,0.0,0.01,14.38,27.83,3
2026-09-13 15:08:28,3.0,29.51,42.2,14.38,0.0,0.0,0.0,0.0,0.01,14.38,27.83,3
2026-09-13 15:08:29,1.0,29.51,42.2,14.38,0.0,0.0,0.0,0.0,0.01,14.38,27.83,3
2026-09-13 15:08:30,1.0,29.51,42.2,14.38,0.0,0.0,0.0,0.0,0.01,14.38,27.83,3
2026-09-13 15:08:31,2.0,29.51,42.2,14.38,0.0,0.0,0.0,0.0,0.01,14.38,27.83,3
2026-09-13 15:08:32,0.0,29.51,42.2,14.38,0.0,0.0,0.0,0.0,0.01,14.38,27.83,3
2026-09-13 15:08:33,2.0,29.51,42.2,14.38,0.0,0.01,0.0,0.0,0.01,14.38,27.83,3
2026-09-13 15:08:34,2.0,29.51,42.2,14.38,0.0,0.0,0.0,0.0,0.01,14.38,27.83,3
2026-09-13 15:08:35,1.0,29.51,42.2,14.38,0.0,0.0,0.0,0.0,0.01,14.38,27.83,3
2026-09-13 15:08:36,2.0,29.51,42.2,14.38,0.0,0.0,0.0,0.0,0.01,14.38,27.83,3
2026-09-13 15:08:37,1.0,29.51,42.2,14.38,0.0,0.0,0.0,0.0,0.01,14.38,27.83,3
2026-09-13 15:08:38,1.0,29.51,42.2,14.38,0.0,0.0,0.0,0.0,0.01,14.38,27.83,3
2026-09-13 15:08:39,1.0,29.51,42.2,14.38,0.0,0.0,0.0,0.0,0.01,14.38,27.83,3
2026-09-13 15:08:40,1.0,29.51,42.2,14.38,0.0,0.0,0.0,0.0,0.01,14.38,27.83,3
2026-09-13 15:08:41,3.0,29.51,42.2,14.38,0.0,0.0,0.0,0.0,0.01,14.38,27.83,3
2026-09-13 15:08:42,2.0,29.51,42.2,14.38,0.0,0.0,0.0,0.0,0.01,14.38,27.83,3
2026-09-13 15:08:43,1.0,29.51,42.2,14.38,0.0,0.0,0.0,0.0,0.01,14.38,27.83,3
2026-09-13 15:08:44,1.0,29.51,42.2,14.38,0.0,0.0,0.0,0.0,0.01,14.38,27.83,3
2026-09-13 15:08:45,2.0,29.51,42.2,14.38,0.0,0.0,0.0,0.0,0.02,14.38,27.83,3
2026-09-13 15:08:46,0.0,29.51,42.2,14.38,0.0,0.0,0.0,0.0,0.01,14.38,27.83,3
2026-09-13 15:08:47,2.0,29.51,42.2,14.38,0.0,0.0,0.0,0.0,0.01,14.38,27.83,3
2026-09-13 15:08:48,1.0,29.51,42.2,14.38,0.0,0.0,0.0,0.0,0.01,14.38,27.83,3
2026-09-13 15:08:49,1.0,29.51,42.2,14.38,0.0,0.0,0.0,0.0,0.01,14.38,27.83,3
2026-09-13 15:08:50,3.0,29.51,42.2,14.38,0.0,0.0,0.0,0.0,0.01,14.38,27.83,3
2026-09-13 15:08:51,0.0,29.51,42.2,14.38,0.0,0.0,0.0,0.0,0.01,14.38,27.83,3
2026-09-13 15:08:52,1.0,29.51,42.2,14.38,0.0,0.0,0.0,0.0,0.01,14.38,27.83,3
2026-09-13 15:08:53,2.0,29.51,42.2,14.38,0.0,0.0,0.0,0.0,0.01,14.38,27.83,3
2026-09-13 15:08:54,2.0,29.51,42.2,14.38,0.0,0.0,0.0,0.0,0.0,14.38,27.83,3
2026-09-13 15:08:55,1.0,29.51,42.2,14.38,0.0,0.0,0.0,0.0,0.01,14.38,27.83,3
2026-09-13 15:08:56,1.0,29.51,42.2,14.38,0.0,0.0,0.0,0.0,0.02,14.38,27.83,3
2026-09-13 15:08:57,2.0,29.51,42.2,14.38,0.0,0.0,0.0,0.0,0.02,14.38,27.83,3
2026-09-13 15:08:58,1.0,29.51,42.2,14.38,0.0,0.0,0.0,0.0,0.01,14.38,27.83,3
2026-09-13 15:08:59,1.0,29.51,42.2,14.38,0.0,0.0,0.0,0.0,0.0,14.38,27.83,3
2026-09-13 15:09:00,2.0,29.51,42.2,14.38,0.0,0.0,0.0,0.0,0.01,14.38,27.83,3
2026-09-13 15:09:01,2.0,29.51,42.2,14.38,0.0,0.0,0.0,0.0,0.0,14.38,27.83,3
2026-09-13 15:09:02,0.0,29.51,42.2,14.38,0.0,0.0,0.0,0.0,0.01,14.38,27.83,3
2026-09-13 15:09:03,2.0,29.51,42.2,14.38,0.0,0.01,0.0,0.0,0.01,14.38,27.83,3
2026-09-13 15:09:04,1.0,29.51,42.2,14.38,0.0,0.0,0.0,0.0,0.0,14.38,27.83,3
2026-09-13 15:09:05,1.0,29.51,42.2,14.38,0.0,0.0,0.0,0.0,0.0,14.38,27.83,3
2026-09-13 15:09:06,2.0,29.51,42.2,14.38,0.0,0.0,0.0,0.0,0.01,14.38,27.83,3
2026-09-13 15:09:07,2.0,29.51,42.2,14.38,0.0,0.0,0.0,0.0,0.01,14.38,27.83,3
2026-09-13 15:09:08,0.0,29.51,42.2,14.38,0.0,0.0,0.0,0.0,0.01,14.38,27.83,3
2026-09-13 15:09:09,2.0,29.51,42.2,14.38,0.0,0.0,0.0,0.0,0.01,14.38,27.83,3
2026-09-13 15:09:10,2.0,29.51,42.2,14.38,0.0,0.0,0.0,0.0,0.0,14.38,27.83,3
2026-09-13 15:09:11,1.0,29.51,42.2,14.38,0.0,0.0,0.0,0.0,0.01,14.38,27.83,3
2026-09-13 15:09:12,1.0,29.51,42.2,14.38,0.0,0.0,0.0,0.0,0.01,14.38,27.83,3
2026-09-13 15:09:13,2.0,29.51,42.2,14.38,0.0,0.0,0.0,0.0,0.01,14.38,27.83,3
2026-09-13 15:09:14,1.0,29.51,42.2,14.38,0.0,0.01,0.0,0.0,0.01,14.38,27.83,3
2026-09-13 15:09:15,1.0,29.51,42.2,14.38,0.0,0.0,0.0,0.0,0.01,14.38,27.83,3
2026-09-13 15:09:16,2.0,29.51,42.2,14.38,0.0,0.0,0.0,0.0,0.01,14.38,27.83,3
2026-09-13 15:09:17,2.0,29.51,42.2,14.38,0.0,0.0,0.0,0.0,0.01,14.38,27.83,3
2026-09-13 15:09:18,0.0,29.51,42.2,14.38,0.0,0.0,0.0,0.0,0.01,14.38,27.83,3
2026-09-13 15:09:19,2.0,29.51,42.2,14.38,0.0,0.0,0.0,0.0,0.01,14.38,27.83,3
2026-09-13 15:09:20,2.0,29.51,42.2,14.38,0.0,0.0,0.0,0.0,0.01,14.38,27.83,3
2026-09-13 15:09:21,0.0,29.51,42.2,14.38,0.0,0.0,0.0,0.0,0.01,14.38,27.83,3
2026-09-13 15:09:22,2.0,29.51,42.2,14.38,0.0,0.0,0.0,0.0,0.0,14.38,27.83,3
2026-09-13 15:09:23,2.0,29.51,42.2,14.38,0.0,0.0,0.0,0.0,0.01,14.38,27.83,3
2026-09-13 15:09:24,1.0,29.51,42.2,14.38,0.0,0.0,0.0,0.0,0.0,14.38,27.83,3
2026-09-13 15:09:25,2.0,29.51,42.2,14.38,0.0,0.0,0.0,0.0,0.01,14.38,27.83,3
2026-09-13 15:09:26,1.0,29.51,42.2,14.38,0.0,0.0,0.0,0.0,0.01,14.38,27.83,3
2026-09-13 15:09:27,1.0,29.52,42.2,14.38,0.0,0.0,0.0,0.0,0.01,14.38,27.83,3
2026-09-13 15:09:28,2.0,29.51,42.2,14.38,0.0,0.0,0.0,0.0,0.01,14.38,27.83,3
2026-09-13 15:09:29,1.0,29.51,42.2,14.38,0.0,0.0,0.0,0.0,0.01,14.38,27.83,3
2026-09-13 15:09:30,1.0,29.51,42.2,14.38,0.0,0.0,0.0,0.0,0.01,14.38,27.83,3
2026-09-13 15:09:31,2.0,29.51,42.2,14.38,0.0,0.0,0.0,0.0,0.01,14.38,27.83,3
2026-09-13 15:09:32,1.0,29.51,42.2,14.38,0.0,0.0,0.0,0.0,0.02,14.38,27.83,3
2026-09-13 15:09:33,1.0,29.51,42.2,14.38,0.0,0.0,0.0,0.0,0.01,14.38,27.83,3
2026-09-13 15:09:34,2.0,29.51,42.2,14.38,0.0,0.0,0.0,0.0,0.01,14.38,27.83,3
2026-09-13 15:09:35,1.0,29.51,42.2,14.38,0.0,0.0,0.0,0.0,0.0,14.38,27.83,3
2026-09-13 15:09:36,3.0,29.51,42.2,14.38,0.0,0.0,0.0,0.0,0.01,14.38,27.83,3
2026-09-13 15:09:37,0.0,29.51,42.2,14.38,0.0,0.0,0.0,0.0,0.01,14.38,27.83,3
2026-09-13 15:09:38,2.0,29.51,42.2,14.38,0.0,0.0,0.0,0.0,0.01,14.38,27.83,3
2026-09-13 15:09:39,1.0,29.51,42.2,14.38,0.0,0.0,0.0,0.0,0.01,14.38,27.83,3
2026-09-13 15:09:40,0.0,29.51,42.2,14.38,0.0,0.0,0.0,0.0,0.01,14.38,27.83,3
2026-09-13 15:09:41,4.0,29.51,42.2,14.38,0.0,0.0,0.0,0.0,0.01,14.38,27.83,3
2026-09-13 15:09:42,0.0,29.51,42.2,14.38,0.0,0.0,0.0,0.0,0.01,14.38,27.83,3
2026-09-13 15:09:43,2.0,29.51,42.2,14.38,0.0,0.0,0.0,0.0,0.01,14.38,27.83,3
2026-09-13 15:09:44,1.0,29.51,42.2,14.38,0.0,0.0,0.0,0.0,0.01,14.38,27.83,3
2026-09-13 15:09:45,1.0,29.51,42.2,14.38,0.0,0.0,0.0,0.0,0.02,14.38,27.83,3
2026-09-13 15:09:46,1.0,29.51,42.2,14.38,0.0,0.0,0.0,0.0,0.01,14.38,27.83,3
2026-09-13 15:09:47,3.0,29.51,42.2,14.38,0.0,0.0,0.0,0.0,0.01,14.38,27.83,3
2026-09-13 15:09:48,1.0,29.51,42.2,14.38,0.0,0.0,0.0,0.0,0.01,14.38,27.83,3
2026-09-13 15:09:49,0.0,29.51,42.2,14.38,0.0,0.0,0.0,0.0,0.01,14.38,27.83,3
2026-09-13 15:09:50,3.0,29.51,42.2,14.38,0.0,0.0,0.0,0.0,0.01,14.38,27.83,3
2026-09-13 15:09:51,0.0,29.51,42.2,14.38,0.0,0.0,0.0,0.0,0.01,14.38,27.83,3
2026-09-13 15:09:53,1.0,29.51,42.2,14.38,0.0,0.0,0.0,0.0,0.01,14.38,27.83,3
2026-09-13 15:09:54,3.0,29.51,42.2,14.38,0.0,0.0,0.0,0.0,0.01,14.38,27.83,3
2026-09-13 15:09:55,0.0,29.51,42.2,14.38,0.0,0.0,0.0,0.0,0.0,14.38,27.83,3
2026-09-13 15:09:56,2.0,29.51,42.2,14.38,0.0,0.0,0.0,0.0,0.01,14.38,27.83,3
2026-09-13 15:09:57,2.0,29.51,42.2,14.38,0.0,0.0,0.0,0.0,0.01,14.38,27.83,3
2026-09-13 15:09:58,1.0,29.51,42.2,14.38,0.0,0.0,0.0,0.0,0.01,14.38,27.83,3
2026-09-13 15:09:59,2.0,29.51,42.2,14.38,0.0,0.0,0.0,0.0,0.01,14.38,27.83,3
2026-09-13 15:10:00,0.0,29.51,42.2,14.38,0.0,0.0,0.0,0.0,0.0,14.38,27.83,3
2026-09-13 15:10:01,3.0,29.51,42.2,14.38,0.0,0.0,0.0,0.0,0.0,14.38,27.83,3
2026-09-13 15:10:02,0.0,29.51,42.2,14.38,0.0,0.0,0.0,0.0,0.0,14.38,27.83,3
2026-09-13 15:10:03,2.0,29.51,42.2,14.38,0.0,0.0,0.0,0.0,0.01,14.38,27.83,3
2026-09-13 15:10:04,1.0,29.51,42.2,14.38,0.0,0.0,0.0,0.0,0.01,14.38,27.83,3
2026-09-13 15:10:05,2.0,29.51,42.2,14.38,0.0,0.0,0.0,0.0,0.0,14.38,27.83,3
2026-09-13 15:10:06,1.0,29.51,42.2,14.38,0.0,0.0,0.0,0.0,0.01,14.38,27.83,3
2026-09-13 15:10:07,1.0,29.51,42.2,14.38,0.0,0.0,0.0,0.0,0.01,14.38,27.83,3
2026-09-13 15:10:08,2.0,29.51,42.2,14.38,0.0,0.0,0.0,0.0,0.01,14.38,27.83,3
2026-09-13 15:10:09,1.0,29.51,42.2,14.38,0.0,0.0,0.0,0.0,0.01,14.38,27.83,3
2026-09-13 15:10:10,2.0,29.51,42.2,14.38,0.0,0.0,0.0,0.0,0.01,14.38,27.83,3
2026-09-13 15:10:11,1.0,29.51,42.2,14.38,0.0,0.0,0.0,0.0,0.01,14.38,27.83,3
2026-09-13 15:10:12,1.0,29.51,42.2,14.38,0.0,0.0,0.0,0.0,0.01,14.38,27.83,3
2026-09-13 15:10:13,2.0,29.51,42.2,14.38,0.0,0.0,0.0,0.0,0.01,14.38,27.83,3
2026-09-13 15:10:14,1.0,29.51,42.2,14.38,0.0,0.0,0.0,0.0,0.0,14.38,27.83,3
2026-09-13 15:10:15,1.0,29.51,42.2,14.38,0.0,0.0,0.0,0.0,0.01,14.38,27.83,3
2026-09-13 15:10:16,3.0,29.51,42.2,14.38,0.0,0.0,0.0,0.0,0.01,14.38,27.83,3
2026-09-13 15:10:17,0.0,29.51,42.2,14.38,0.0,0.0,0.0,0.0,0.01,14.38,27.83,3
2026-09-13 15:10:18,2.0,29.51,42.2,14.38,0.0,0.0,0.0,0.0,0.01,14.38,27.83,3
2026-09-13 15:10:19,1.0,29.51,42.2,14.38,0.0,0.0,0.0,0.0,0.01,14.38,27.83,3
2026-09-13 15:10:20,2.0,29.51,42.2,14.38,0.0,0.0,0.0,0.0,0.01,14.38,27.83,3
2026-09-13 15:10:21,1.0,29.51,42.2,14.38,0.0,0.0,0.0,0.0,0.01,14.38,27.83,3
2026-09-13 15:10:22,2.0,29.51,42.2,14.38,0.0,0.0,0.0,0.0,0.01,14.38,27.83,3
2026-09-13 15:10:23,2.0,29.51,42.2,14.38,0.0,0.0,0.0,0.0,0.01,14.38,27.83,3
2026-09-13 15:10:24,0.0,29.51,42.2,14.38,0.0,0.0,0.0,0.0,0.0,14.38,27.83,3
2026-09-13 15:10:25,1.0,29.51,42.2,14.38,0.0,0.0,0.0,0.0,0.01,14.38,27.83,3
2026-09-13 15:10:26,3.0,29.51,42.2,14.38,0.0,0.0,0.0,0.0,0.01,14.38,27.83,3
2026-09-13 15:10:27,0.0,29.51,42.2,14.38,0.0,0.0,0.0,0.0,0.01,14.38,27.83,3
2026-09-13 15:10:28,2.0,29.51,42.2,14.38,0.0,0.0,0.0,0.0,0.01,14.38,27.83,3
2026-09-13 15:10:29,1.0,29.51,42.2,14.38,0.0,0.0,0.0,0.0,0.01,14.38,27.83,3
2026-09-13 15:10:30,2.0,29.51,42.2,14.38,0.0,0.0,0.0,0.0,0.01,14.38,27.83,3
2026-09-13 15:10:31,1.0,29.51,42.2,14.38,0.0,0.0,0.0,0.0,0.01,14.38,27.83,3
2026-09-13 15:10:32,2.0,29.51,42.2,14.38,0.0,0.0,0.0,0.0,0.01,14.38,27.83,3
2026-09-13 15:10:33,0.0,29.51,42.2,14.38,0.0,0.0,0.0,0.0,0.01,14.38,27.83,3
2026-09-13 15:10:34,4.0,29.51,42.2,14.38,0.0,0.0,0.0,0.0,0.01,14.38,27.83,3
2026-09-13 15:10:35,0.0,29.51,42.2,14.38,0.0,0.0,0.0,0.0,0.01,14.38,27.83,3
2026-09-13 15:10:36,1.0,29.51,42.2,14.38,0.0,0.0,0.0,0.0,0.01,14.38,27.83,3
2026-09-13 15:10:37,1.0,29.51,42.2,14.38,0.0,0.0,0.0,0.0,0.01,14.38,27.83,3
2026-09-13 15:10:38,3.0,29.51,42.2,14.38,0.0,0.0,0.0,0.0,0.0,14.38,27.83,3
2026-09-13 15:10:39,1.0,29.51,42.2,14.38,0.0,0.0,0.0,0.0,0.01,14.38,27.83,3
2026-09-13 15:10:40,0.0,29.51,42.2,14.38,0.0,0.0,0.0,0.0,0.01,14.38,27.83,3
2026-09-13 15:10:41,2.0,29.51,42.2,14.38,0.0,0.0,0.0,0.0,0.01,14.38,27.83,3
2026-09-13 15:10:42,2.0,29.51,42.2,14.38,0.0,0.0,0.0,0.0,0.01,14.38,27.83,3
2026-09-13 15:10:43,1.0,29.51,42.2,14.38,0.0,0.0,0.0,0.0,0.01,14.38,27.83,3
2026-09-13 15:10:44,1.0,29.51,42.2,14.38,0.0,0.01,0.0,0.0,0.01,14.38,27.83,3
2026-09-13 15:10:45,2.0,29.51,42.2,14.38,0.0,0.0,0.0,0.0,0.02,14.38,27.83,3
2026-09-13 15:10:46,2.0,29.51,42.2,14.38,0.0,0.0,0.0,0.0,0.01,14.38,27.83,3
2026-09-13 15:10:47,0.0,29.51,42.2,14.38,0.0,0.0,0.0,0.0,0.01,14.38,27.83,3
2026-09-13 15:10:48,1.0,29.51,42.2,14.38,0.0,0.0,0.0,0.0,0.01,14.38,27.83,3
2026-09-13 15:10:49,3.0,29.51,42.2,14.38,0.0,0.0,0.0,0.0,0.01,14.38,27.83,3
2026-09-13 15:10:50,0.0,29.51,42.2,14.38,0.0,0.0,0.0,0.0,0.01,14.38,27.83,3
2026-09-13 15:10:51,1.0,29.51,42.2,14.38,0.0,0.0,0.0,0.0,0.01,14.38,27.83,3
2026-09-13 15:10:52,2.0,29.51,42.2,14.38,0.0,0.0,0.0,0.0,0.01,14.38,27.83,3
2026-09-13 15:10:53,2.0,29.51,42.2,14.38,0.0,0.0,0.0,0.0,0.01,14.38,27.83,3
2026-09-13 15:10:54,1.0,29.51,42.2,14.38,0.0,0.0,0.0,0.0,0.0,14.38,27.83,3
2026-09-13 15:10:55,1.0,29.51,42.2,14.38,0.0,0.0,0.0,0.0,0.01,14.38,27.83,3
2026-09-13 15:10:56,2.0,29.51,42.2,14.38,0.0,0.0,0.0,0.0,0.01,14.38,27.83,3
2026-09-13 15:10:57,1.0,29.51,42.2,14.38,0.0,0.0,0.0,0.0,0.02,14.38,27.83,3
2026-09-13 15:10:58,1.0,29.51,42.2,14.38,0.0,0.0,0.0,0.0,0.01,14.38,27.83,3
2026-09-13 15:10:59,1.0,29.51,42.2,14.38,0.0,0.0,0.0,0.0,0.0,14.38,27.83,3
2026-09-13 15:11:00,3.0,29.51,42.2,14.38,0.0,0.0,0.0,0.0,0.01,14.38,27.83,3
2026-09-13 15:11:01,0.0,29.51,42.2,14.38,0.0,0.0,0.0,0.0,0.01,14.38,27.83,3
2026-09-13 15:11:02,3.0,29.51,42.2,14.38,0.0,0.0,0.0,0.0,0.01,14.38,27.83,3
2026-09-13 15:11:03,1.0,29.51,42.2,14.38,0.0,0.0,0.0,0.0,0.01,14.38,27.83,3
2026-09-13 15:11:04,0.0,29.51,42.2,14.38,0.0,0.0,0.0,0.0,0.0,14.38,27.83,3
2026-09-13 15:11:05,2.0,29.51,42.2,14.38,0.0,0.0,0.0,0.0,0.0,14.38,27.83,3
2026-09-13 15:11:06,2.0,29.51,42.2,14.38,0.0,0.0,0.0,0.0,0.01,14.38,27.83,3
2026-09-13 15:11:07,1.0,29.51,42.2,14.38,0.0,0.0,0.0,0.0,0.01,14.38,27.83,3
2026-09-13 15:11:08,2.0,29.51,42.2,14.38,0.0,0.0,0.0,0.0,0.01,14.38,27.83,3
2026-09-13 15:11:09,1.0,29.51,42.2,14.38,0.0,0.0,0.0,0.0,0.01,14.38,27.83,3
2026-09-13 15:11:10,1.0,29.51,42.2,14.38,0.0,0.0,0.0,0.0,0.0,14.38,27.83,3
2026-09-13 15:11:11,2.0,29.51,42.2,14.38,0.0,0.0,0.0,0.0,0.01,14.38,27.83,3
2026-09-13 15:11:12,1.0,29.51,42.2,14.38,0.0,0.0,0.0,0.0,0.01,14.38,27.83,3
2026-09-13 15:11:13,2.0,29.51,42.2,14.38,0.0,0.0,0.0,0.0,0.01,14.38,27.83,3
2026-09-13 15:11:14,1.0,29.51,42.2,14.38,0.0,0.0,0.0,0.0,0.01,14.38,27.83,3
2026-09-13 15:11:15,1.0,29.51,42.2,14.38,0.0,0.0,0.0,0.0,0.01,14.38,27.83,3
2026-09-13 15:11:16,2.0,29.51,42.2,14.38,0.0,0.0,0.0,0.0,0.01,14.38,27.83,3
2026-09-13 15:11:17,1.0,29.51,42.2,14.38,0.0,0.0,0.0,0.0,0.01,14.38,27.83,3
2026-09-13 15:11:18,1.0,29.51,42.2,14.38,0.0,0.0,0.0,0.0,0.01,14.38,27.83,3
2026-09-13 15:11:19,2.0,29.51,42.2,14.38,0.0,0.0,0.0,0.0,0.01,14.38,27.83,3
2026-09-13 15:11:20,1.0,29.51,42.2,14.38,0.0,0.0,0.0,0.0,0.01,14.38,27.83,3
2026-09-13 15:11:21,2.0,29.51,42.2,14.38,0.0,0.0,0.0,0.0,0.01,14.38,27.83,3
2026-09-13 15:11:22,1.0,29.51,42.2,14.38,0.0,0.0,0.0,0.0,0.01,14.38,27.83,3
2026-09-13 15:11:23,1.0,29.51,42.2,14.38,0.0,0.0,0.0,0.0,0.01,14.38,27.83,3
2026-09-13 15:11:24,3.0,29.51,42.2,14.38,0.0,0.0,0.0,0.0,0.0,14.38,27.83,3
2026-09-13 15:11:25,0.0,29.51,42.2,14.38,0.0,0.0,0.0,0.0,0.01,14.38,27.83,3
2026-09-13 15:11:26,1.0,29.51,42.2,14.38,0.0,0.0,0.0,0.0,0.01,14.38,27.83,3
2026-09-13 15:11:27,1.0,29.51,42.2,14.38,0.0,0.0,0.0,0.0,0.01,14.38,27.83,3
2026-09-13 15:11:28,2.0,29.51,42.2,14.38,0.0,0.0,0.0,0.0,0.01,14.38,27.83,3
2026-09-13 15:11:29,1.0,29.76,42.2,14.38,0.0,0.0,0.0,0.0,0.01,14.38,27.83,3
2026-09-13 15:11:30,2.0,29.76,42.2,14.38,0.0,0.0,0.0,0.0,0.01,14.38,27.83,3
2026-09-13 15:11:31,1.0,29.76,42.2,14.38,0.0,0.0,0.0,0.0,0.01,14.38,27.83,3
2026-09-13 15:11:32,2.0,29.76,42.2,14.38,0.0,0.0,0.0,0.0,0.02,14.38,27.83,3
2026-09-13 15:11:33,1.0,29.76,42.2,14.38,0.0,0.0,0.0,0.0,0.02,14.38,27.83,3
2026-09-13 15:11:34,2.0,29.76,42.2,14.38,0.0,0.0,0.0,0.0,0.01,14.38,27.83,3
2026-09-13 15:11:35,0.0,29.76,42.2,14.38,0.0,0.0,0.0,0.0,0.0,14.38,27.83,3
2026-09-13 15:11:36,2.0,29.76,42.2,14.38,0.0,0.0,0.0,0.0,0.01,14.38,27.83,3
2026-09-13 15:11:37,1.0,29.76,42.2,14.38,0.0,0.01,0.0,0.0,0.01,14.38,27.83,3
2026-09-13 15:11:38,2.0,29.76,42.2,14.38,0.0,0.0,0.0,0.0,0.01,14.38,27.83,3
2026-09-13 15:11:39,1.0,29.76,42.2,14.38,0.0,0.0,0.0,0.0,0.01,14.38,27.83,3
2026-09-13 15:11:40,1.0,29.76,42.2,14.38,0.0,0.0,0.0,0.0,0.01,14.38,27.83,3
2026-09-13 15:11:41,2.0,29.76,42.2,14.38,0.0,0.0,0.0,0.0,0.01,14.38,27.83,3
2026-09-13 15:11:42,1.0,29.76,42.2,14.38,0.0,0.0,0.0,0.0,0.01,14.38,27.83,3
2026-09-13 15:11:43,2.0,29.76,42.2,14.38,0.0,0.0,0.0,0.0,0.01,14.38,27.83,3
2026-09-13 15:11:44,1.0,29.76,42.2,14.38,0.0,0.0,0.0,0.0,0.02,14.38,27.83,3
2026-09-13 15:11:45,2.0,29.76,42.2,14.38,0.0,0.0,0.0,0.0,0.02,14.38,27.83,3
2026-09-13 15:11:46,0.0,29.76,42.2,14.38,0.0,0.0,0.0,0.0,0.01,14.38,27.83,3
2026-09-13 15:11:47,2.0,29.76,42.2,14.38,0.0,0.0,0.0,0.0,0.01,14.38,27.83,3
2026-09-13 15:11:48,1.0,29.76,42.2,14.38,0.0,0.0,0.0,0.0,0.01,14.38,27.83,3
2026-09-13 15:11:49,2.0,29.76,42.2,14.38,0.0,0.0,0.0,0.0,0.01,14.38,27.83,3
2026-09-13 15:11:50,1.0,29.76,42.2,14.38,0.0,0.0,0.0,0.0,0.01,14.38,27.83,3
2026-09-13 15:11:51,1.0,29.76,42.2,14.38,0.0,0.0,0.0,0.0,0.01,14.38,27.83,3
2026-09-13 15:11:52,2.0,29.76,42.2,14.38,0.0,0.0,0.0,0.0,0.01,14.38,27.83,3
2026-09-13 15:11:53,1.0,29.76,42.2,14.38,0.0,0.0,0.0,0.0,0.01,14.38,27.83,3
2026-09-13 15:11:54,2.0,29.76,42.2,14.38,0.0,0.0,0.0,0.0,0.01,14.38,27.83,3
2026-09-13 15:11:55,1.0,29.76,42.2,14.38,0.0,0.0,0.0,0.0,0.01,14.38,27.83,3
2026-09-13 15:11:56,1.0,29.76,42.2,14.38,0.0,0.0,0.0,0.0,0.01,14.38,27.83,3
2026-09-13 15:11:57,2.0,29.76,42.2,14.38,0.0,0.0,0.0,0.0,0.01,14.38,27.83,3
2026-09-13 15:11:58,1.0,29.76,42.2,14.38,0.0,0.0,0.0,0.0,0.01,14.38,27.83,3
2026-09-13 15:11:59,1.0,29.76,42.2,14.38,0.0,0.0,0.0,0.0,0.0,14.38,27.83,3
2026-09-13 15:12:00,2.0,29.76,42.2,14.38,0.0,0.0,0.0,0.0,0.01,14.38,27.83,3
2026-09-13 15:12:01,1.0,29.76,42.2,14.38,0.0,0.0,0.0,0.0,0.0,14.38,27.83,3
2026-09-13 15:12:03,2.0,29.76,42.2,14.38,0.0,0.0,0.0,0.0,0.01,14.38,27.83,3
2026-09-13 15:12:04,0.0,29.76,42.2,14.38,0.0,0.0,0.0,0.0,0.01,14.38,27.83,3
2026-09-13 15:12:05,2.0,29.76,42.2,14.38,0.0,0.0,0.0,0.0,0.0,14.38,27.83,3
2026-09-13 15:12:06,1.0,29.76,42.2,14.38,0.0,0.0,0.0,0.0,0.0,14.38,27.83,3
2026-09-13 15:12:07,3.0,29.76,42.2,14.38,0.0,0.0,0.0,0.0,0.01,14.38,27.83,3
2026-09-13 15:12:08,0.0,29.76,42.2,14.38,0.0,0.0,0.0,0.0,0.01,14.38,27.83,3
2026-09-13 15:12:09,2.0,29.76,42.2,14.38,0.0,0.0,0.0,0.0,0.0,14.38,27.83,3
2026-09-13 15:12:10,2.0,29.76,42.2,14.38,0.0,0.0,0.0,0.0,0.01,14.38,27.83,3
2026-09-13 15:12:11,0.0,29.76,42.2,14.38,0.0,0.0,0.0,0.0,0.01,14.38,27.83,3
2026-09-13 15:12:12,2.0,29.76,42.2,14.38,0.0,0.0,0.0,0.0,0.01,14.38,27.83,3
2026-09-13 15:12:13,1.0,29.76,42.2,14.38,0.0,0.0,0.0,0.0,0.01,14.38,27.83,3
2026-09-13 15:12:14,2.0,29.76,42.2,14.38,0.0,0.0,0.0,0.0,0.01,14.38,27.83,3
2026-09-13 15:12:15,1.0,29.76,42.2,14.38,0.0,0.0,0.0,0.0,0.01,14.38,27.83,3
2026-09-13 15:12:16,1.0,29.76,42.2,14.38,0.0,0.0,0.0,0.0,0.01,14.38,27.83,3
2026-09-13 15:12:17,2.0,29.76,42.2,14.38,0.0,0.0,0.0,0.0,0.01,14.38,27.83,3
2026-09-13 15:12:18,2.0,29.76,42.2,14.38,0.0,0.0,0.0,0.0,0.01,14.38,27.83,3
2026-09-13 15:12:19,0.0,29.76,42.2,14.38,0.0,0.0,0.0,0.0,0.01,14.38,27.83,3
2026-09-13 15:12:20,3.0,29.76,42.2,14.38,0.0,0.0,0.0,0.0,0.01,14.38,27.83,3
2026-09-13 15:12:21,0.0,29.76,42.2,14.38,0.0,0.0,0.0,0.0,0.01,14.38,27.83,3
2026-09-13 15:12:22,2.0,29.76,42.2,14.38,0.0,0.0,0.0,0.0,0.01,14.38,27.83,3
2026-09-13 15:12:23,1.0,29.76,42.2,14.38,0.0,0.0,0.0,0.0,0.01,14.38,27.83,3
2026-09-13 15:12:24,1.0,29.76,42.2,14.38,0.0,0.0,0.0,0.0,0.0,14.38,27.83,3
2026-09-13 15:12:25,1.0,29.76,42.2,14.38,0.0,0.0,0.0,0.0,0.01,14.38,27.83,3
2026-09-13 15:12:26,2.0,29.76,42.2,14.38,0.0,0.0,0.0,0.0,0.01,14.38,27.83,3
2026-09-13 15:12:27,1.0,29.76,42.2,14.38,0.0,0.0,0.0,0.0,0.01,14.38,27.83,3
2026-09-13 15:12:28,2.0,29.77,42.2,14.38,0.0,0.0,0.0,0.0,0.01,14.38,27.83,3
2026-09-13 15:12:29,1.0,29.76,42.2,14.38,0.0,0.0,0.0,0.0,0.01,14.38,27.83,3
2026-09-13 15:12:30,2.0,29.76,42.2,14.38,0.0,0.0,0.0,0.0,0.01,14.38,27.83,3
2026-09-13 15:12:31,1.0,29.76,42.2,14.38,0.0,0.0,0.0,0.0,0.01,14.38,27.83,3
2026-09-13 15:12:32,1.0,29.76,42.2,14.38,0.0,0.0,0.0,0.0,0.01,14.38,27.83,3
2026-09-13 15:12:33,2.0,29.76,42.2,14.38,0.0,0.0,0.0,0.0,0.01,14.38,27.83,3
2026-09-13 15:12:34,1.0,29.76,42.2,14.38,0.0,0.0,0.0,0.0,0.01,14.38,27.83,3
2026-09-13 15:12:35,2.0,29.76,42.2,14.38,0.0,0.0,0.0,0.0,0.01,14.38,27.83,3
2026-09-13 15:12:36,1.0,29.77,42.2,14.38,0.0,0.0,0.0,0.0,0.01,14.38,27.83,3
2026-09-13 15:12:37,2.0,29.76,42.2,14.38,0.0,0.0,0.0,0.0,0.01,14.38,27.83,3
2026-09-13 15:12:38,0.0,29.76,42.2,14.38,0.0,0.01,0.0,0.0,0.01,14.38,27.83,3
2026-09-13 15:12:39,3.0,29.76,42.2,14.38,0.0,0.0,0.0,0.0,0.01,14.38,27.83,3
2026-09-13 15:12:40,1.0,29.76,42.2,14.38,0.0,0.0,0.0,0.0,0.01,14.38,27.83,3
2026-09-13 15:12:41,0.0,29.76,42.2,14.38,0.0,0.0,0.0,0.0,0.01,14.38,27.83,3
2026-09-13 15:12:42,3.0,29.76,42.2,14.38,0.0,0.0,0.0,0.0,0.01,14.38,27.83,3
2026-09-13 15:12:43,0.0,29.76,42.2,14.38,0.0,0.0,0.0,0.0,0.01,14.38,27.83,3
2026-09-13 15:12:44,2.0,29.76,42.2,14.38,0.0,0.0,0.0,0.0,0.01,14.38,27.83,3
2026-09-13 15:12:45,1.0,29.76,42.2,14.38,0.0,0.0,0.0,0.0,0.02,14.38,27.83,3
2026-09-13 15:12:46,2.0,29.76,42.2,14.38,0.0,0.0,0.0,0.0,0.01,14.38,27.83,3
2026-09-13 15:12:47,1.0,29.76,42.2,14.38,0.0,0.0,0.0,0.0,0.01,14.38,27.83,3
2026-09-13 15:12:48,1.0,29.76,42.2,14.38,0.0,0.0,0.0,0.0,0.01,14.38,27.83,3
2026-09-13 15:12:49,2.0,29.76,42.2,14.38,0.0,0.01,0.0,0.0,0.01,14.38,27.83,3
2026-09-13 15:12:50,1.0,29.76,42.2,14.38,0.0,0.0,0.0,0.0,0.01,14.38,27.83,3
2026-09-13 15:12:51,3.0,29.76,42.2,14.38,0.0,0.0,0.0,0.0,0.01,14.38,27.83,3
2026-09-13 15:12:52,0.0,29.76,42.2,14.38,0.0,0.0,0.0,0.0,0.01,14.38,27.83,3
2026-09-13 15:12:53,0.0,29.76,42.2,14.38,0.0,0.0,0.0,0.0,0.01,14.38,27.83,3
2026-09-13 15:12:54,3.0,29.76,42.2,14.38,0.0,0.0,0.0,0.0,0.0,14.38,27.83,3
2026-09-13 15:12:55,1.0,29.76,42.2,14.38,0.0,0.0,0.0,0.0,0.01,14.38,27.83,3
2026-09-13 15:12:56,2.0,29.76,42.2,14.38,0.0,0.0,0.0,0.0,0.01,14.38,27.83,3
2026-09-13 15:12:57,0.0,29.76,42.2,14.38,0.0,0.0,0.0,0.0,0.02,14.38,27.83,3
2026-09-13 15:12:58,2.0,29.76,42.2,14.38,0.0,0.0,0.0,0.0,0.01,14.38,27.83,3
2026-09-13 15:12:59,0.0,29.76,42.2,14.38,0.0,0.0,0.0,0.0,0.01,14.38,27.83,3
2026-09-13 15:13:00,4.0,29.76,42.2,14.38,0.0,0.0,0.0,0.0,0.01,14.38,27.83,3
2026-09-13 15:13:01,0.0,29.76,42.2,14.38,0.0,0.0,0.0,0.0,0.01,14.38,27.83,3
2026-09-13 15:13:02,1.0,29.76,42.2,14.38,0.0,0.0,0.0,0.0,0.01,14.38,27.83,3
2026-09-13 15:13:03,3.0,29.76,42.2,14.38,0.0,0.0,0.0,0.0,0.01,14.38,27.83,3
2026-09-13 15:13:04,0.0,29.76,42.2,14.38,0.0,0.0,0.0,0.0,0.0,14.38,27.83,3
2026-09-13 15:13:05,1.0,29.76,42.2,14.38,0.0,0.0,0.0,0.0,0.01,14.38,27.83,3
2026-09-13 15:13:06,3.0,29.76,42.2,14.38,0.0,0.0,0.0,0.0,0.01,14.38,27.83,3
2026-09-13 15:13:07,0.0,29.76,42.2,14.38,0.0,0.0,0.0,0.0,0.01,14.38,27.83,3
2026-09-13 15:13:08,2.0,29.76,42.2,14.38,0.0,0.0,0.0,0.0,0.01,14.38,27.83,3
2026-09-13 15:13:09,1.0,29.76,42.2,14.38,0.0,0.0,0.0,0.0,0.01,14.38,27.83,3
2026-09-13 15:13:10,2.0,29.76,42.2,14.38,0.0,0.0,0.0,0.0,0.0,14.38,27.83,3
2026-09-13 15:13:11,0.0,29.76,42.2,14.38,0.0,0.0,0.0,0.0,0.01,14.38,27.83,3
2026-09-13 15:13:12,3.0,29.76,42.2,14.38,0.0,0.0,0.0,0.0,0.01,14.38,27.83,3
2026-09-13 15:13:13,0.0,29.76,42.2,14.38,0.0,0.0,0.0,0.0,0.01,14.38,27.83,3
2026-09-13 15:13:14,2.0,29.76,42.2,14.38,0.0,0.0,0.0,0.0,0.01,14.38,27.83,3
2026-09-13 15:13:15,1.0,29.76,42.2,14.38,0.0,0.0,0.0,0.0,0.01,14.38,27.83,3
2026-09-13 15:13:16,2.0,29.76,42.2,14.38,0.0,0.0,0.0,0.0,0.01,14.38,27.83,3
2026-09-13 15:13:17,1.0,29.76,42.2,14.38,0.0,0.0,0.0,0.0,0.01,14.38,27.83,3
2026-09-13 15:13:18,1.0,29.76,42.2,14.38,0.0,0.0,0.0,0.0,0.01,14.38,27.83,3
2026-09-13 15:13:19,1.0,29.76,42.2,14.38,0.0,0.0,0.0,0.0,0.01,14.38,27.83,3
2026-09-13 15:13:20,2.0,29.76,42.2,14.38,0.0,0.0,0.0,0.0,0.01,14.38,27.83,3
2026-09-13 15:13:21,1.0,29.76,42.2,14.38,0.0,0.0,0.0,0.0,0.01,14.38,27.83,3
2026-09-13 15:13:22,3.0,29.76,42.2,14.38,0.0,0.0,0.0,0.0,0.01,14.38,27.83,3
2026-09-13 15:13:23,1.0,29.76,42.2,14.38,0.0,0.0,0.0,0.0,0.01,14.38,27.83,3
2026-09-13 15:13:24,0.0,29.76,42.2,14.38,0.0,0.0,0.0,0.0,0.0,14.38,27.83,3
2026-09-13 15:13:25,1.0,29.76,42.2,14.38,0.0,0.0,0.0,0.0,0.01,14.38,27.83,3
2026-09-13 15:13:26,3.0,29.76,42.2,14.38,0.0,0.0,0.0,0.0,0.01,14.38,27.83,3
2026-09-13 15:13:27,1.0,29.76,42.2,14.38,0.0,0.0,0.0,0.0,0.01,14.38,27.83,3
2026-09-13 15:13:28,0.0,29.76,42.2,14.38,0.0,0.0,0.0,0.0,0.01,14.38,27.83,3
2026-09-13 15:13:29,2.0,29.76,42.2,14.38,0.0,0.0,0.0,0.0,0.01,14.38,27.83,3
2026-09-13 15:13:30,1.0,29.76,42.2,14.38,0.0,0.0,0.0,0.0,0.01,14.38,27.83,3
2026-09-13 15:13:31,3.0,29.76,42.2,14.38,0.0,0.0,0.0,0.0,0.01,14.38,27.83,3
2026-09-13 15:13:32,1.0,29.76,42.2,14.38,0.0,0.0,0.0,0.0,0.01,14.38,27.83,3
2026-09-13 15:13:33,0.0,29.76,42.2,14.38,0.0,0.0,0.0,0.0,0.02,14.38,27.83,3
2026-09-13 15:13:34,2.0,29.76,42.2,14.38,0.0,0.0,0.0,0.0,0.01,14.38,27.83,3
2026-09-13 15:13:35,2.0,29.76,42.2,14.38,0.0,0.0,0.0,0.0,0.0,14.38,27.83,3
2026-09-13 15:13:36,1.0,29.76,42.2,14.38,0.0,0.0,0.0,0.0,0.01,14.38,27.83,3
2026-09-13 15:13:37,2.0,29.76,42.2,14.38,0.0,0.0,0.0,0.0,0.01,14.38,27.83,3
2026-09-13 15:13:38,1.0,29.76,42.2,14.38,0.0,0.0,0.0,0.0,0.01,14.38,27.83,3
2026-09-13 15:13:39,1.0,29.76,42.2,14.38,0.0,0.0,0.0,0.0,0.01,14.38,27.83,3
2026-09-13 15:13:40,1.0,29.76,42.2,14.38,0.0,0.0,0.0,0.0,0.01,14.38,27.83,3
2026-09-13 15:13:41,2.0,29.76,42.2,14.38,0.0,0.0,0.0,0.0,0.01,14.38,27.83,3
2026-09-13 15:13:42,1.0,29.76,42.2,14.38,0.0,0.0,0.0,0.0,0.01,14.38,27.83,3
2026-09-13 15:13:43,2.0,29.76,42.2,14.38,0.0,0.0,0.0,0.0,0.01,14.38,27.83,3
2026-09-13 15:13:44,1.0,29.76,42.2,14.38,0.0,0.0,0.0,0.0,0.01,14.38,27.83,3
2026-09-13 15:13:45,1.0,29.76,42.2,14.38,0.0,0.0,0.0,0.0,0.02,14.38,27.83,3
2026-09-13 15:13:46,2.0,29.76,42.2,14.38,0.0,0.0,0.0,0.0,0.01,14.38,27.83,3
2026-09-13 15:13:47,1.0,29.76,42.2,14.38,0.0,0.0,0.0,0.0,0.01,14.38,27.83,3
2026-09-13 15:13:48,2.0,29.76,42.2,14.38,0.0,0.0,0.0,0.0,0.01,14.38,27.83,3
2026-09-13 15:13:49,0.0,29.76,42.2,14.38,0.0,0.0,0.0,0.0,0.01,14.38,27.83,3
2026-09-13 15:13:50,2.0,29.76,42.2,14.38,0.0,0.0,0.0,0.0,0.01,14.38,27.83,3
2026-09-13 15:13:51,1.0,29.76,42.2,14.38,0.0,0.0,0.0,0.0,0.01,14.38,27.83,3
2026-09-13 15:13:52,3.0,29.76,42.2,14.38,0.0,0.0,0.0,0.0,0.01,14.38,27.83,3
2026-09-13 15:13:53,0.0,29.76,42.2,14.38,0.0,0.0,0.0,0.0,0.01,14.38,27.83,3
2026-09-13 15:13:54,1.0,29.76,42.2,14.38,0.0,0.0,0.0,0.0,0.0,14.38,27.83,3
2026-09-13 15:13:55,2.0,29.76,42.2,14.38,0.0,0.0,0.0,0.0,0.01,14.38,27.83,3
2026-09-13 15:13:56,2.0,29.76,42.2,14.38,0.0,0.0,0.0,0.0,0.01,14.38,27.83,3
2026-09-13 15:13:57,1.0,29.76,42.2,14.38,0.0,0.0,0.0,0.0,0.01,14.38,27.83,3
2026-09-13 15:13:58,0.0,29.76,42.2,14.38,0.0,0.0,0.0,0.0,0.01,14.38,27.83,3
2026-09-13 15:13:59,3.0,29.76,42.2,14.38,0.0,0.0,0.0,0.0,0.01,14.38,27.83,3
2026-09-13 15:14:00,1.0,29.76,42.2,14.38,0.0,0.0,0.0,0.0,0.0,14.38,27.83,3
2026-09-13 15:14:01,1.0,29.76,42.2,14.38,0.0,0.0,0.0,0.0,0.01,14.38,27.83,3
2026-09-13 15:14:02,1.0,29.76,42.2,14.38,0.0,0.0,0.0,0.0,0.01,14.38,27.83,3
2026-09-13 15:14:03,2.0,29.76,42.2,14.38,0.0,0.0,0.0,0.0,0.01,14.38,27.83,3
2026-09-13 15:14:04,2.0,29.76,42.2,14.38,0.0,0.0,0.0,0.0,0.0,14.38,27.83,3
2026-09-13 15:14:05,0.0,29.76,42.2,14.38,0.0,0.0,0.0,0.0,0.0,14.38,27.83,3
2026-09-13 15:14:06,2.0,29.76,42.2,14.38,0.0,0.0,0.0,0.0,0.01,14.38,27.83,3
2026-09-13 15:14:07,2.0,29.76,42.2,14.38,0.0,0.0,0.0,0.0,0.01,14.38,27.83,3
2026-09-13 15:14:08,0.0,29.76,42.2,14.38,0.0,0.0,0.0,0.0,0.0,14.38,27.83,3
2026-09-13 15:14:09,2.0,29.76,42.2,14.38,0.0,0.0,0.0,0.0,0.01,14.38,27.83,3
2026-09-13 15:14:10,2.0,29.76,42.2,14.38,0.0,0.0,0.0,0.0,0.01,14.38,27.83,3
2026-09-13 15:14:11,1.0,29.76,42.2,14.38,0.0,0.0,0.0,0.0,0.01,14.38,27.83,3
2026-09-13 15:14:13,1.0,29.76,42.2,14.38,0.0,0.0,0.0,0.0,0.01,14.38,27.83,3
2026-09-13 15:14:14,2.0,29.76,42.2,14.38,0.0,0.0,0.0,0.0,0.01,14.38,27.83,3
2026-09-13 15:14:15,1.0,29.76,42.2,14.38,0.0,0.0,0.0,0.01,0.01,14.38,27.83,3
2026-09-13 15:14:16,1.0,29.76,42.2,14.38,0.0,0.0,0.0,0.0,0.01,14.38,27.83,3
2026-09-13 15:14:17,2.0,29.76,42.2,14.38,0.0,0.0,0.0,0.0,0.0,14.38,27.83,3
2026-09-13 15:14:18,1.0,29.76,42.2,14.38,0.0,0.0,0.0,0.0,0.01,14.38,27.83,3
2026-09-13 15:14:19,2.0,29.76,42.2,14.38,0.0,0.0,0.0,0.0,0.01,14.38,27.83,3
2026-09-13 15:14:20,0.0,29.76,42.2,14.38,0.0,0.0,0.0,0.0,0.01,14.38,27.83,3
2026-09-13 15:14:21,2.0,29.76,42.2,14.38,0.0,0.0,0.0,0.0,0.01,14.38,27.83,3
2026-09-13 15:14:22,2.0,29.76,42.2,14.38,0.0,0.0,0.0,0.0,0.01,14.38,27.83,3
2026-09-13 15:14:23,2.0,29.76,42.2,14.38,0.0,0.0,0.0,0.01,0.01,14.38,27.83,3
2026-09-13 15:14:24,1.0,29.76,42.2,14.38,0.0,0.0,0.0,0.0,0.01,14.38,27.83,3
2026-09-13 15:14:25,0.0,29.76,42.2,14.38,0.0,0.0,0.0,0.0,0.0,14.38,27.83,3
2026-09-13 15:14:26,2.0,29.76,42.2,14.38,0.0,0.0,0.0,0.0,0.01,14.38,27.83,3
2026-09-13 15:14:27,2.0,29.76,42.2,14.38,0.0,0.0,0.0,0.0,0.01,14.38,27.83,3
2026-09-13 15:14:28,0.0,29.76,42.2,14.38,0.0,0.0,0.0,0.0,0.01,14.38,27.83,3
2026-09-13 15:14:29,1.0,29.76,42.2,14.38,0.0,0.0,0.0,0.0,0.01,14.38,27.83,3
2026-09-13 15:14:30,3.0,29.76,42.2,14.38,0.0,0.0,0.0,0.0,0.01,14.38,27.83,3
2026-09-13 15:14:31,1.0,29.76,42.2,14.38,0.0,0.0,0.0,0.0,0.01,14.38,27.83,3
2026-09-13 15:14:32,1.0,29.76,42.2,14.38,0.0,0.0,0.0,0.0,0.01,14.38,27.83,3
2026-09-13 15:14:33,1.0,29.76,42.2,14.38,0.0,0.0,0.0,0.0,0.01,14.38,27.83,3
2026-09-13 15:14:34,2.0,29.76,42.2,14.38,0.0,0.0,0.0,0.0,0.01,14.38,27.83,3
2026-09-13 15:14:35,1.0,29.76,42.2,14.38,0.0,0.0,0.0,0.0,0.01,14.38,27.83,3
2026-09-13 15:14:36,2.0,29.76,42.2,14.38,0.0,0.0,0.0,0.0,0.01,14.38,27.83,3
2026-09-13 15:14:37,1.0,29.76,42.2,14.38,0.0,0.0,0.0,0.0,0.01,14.38,27.83,3
2026-09-13 15:14:38,1.0,29.76,42.2,14.38,0.0,0.0,0.0,0.0,0.0,14.38,27.83,3
2026-09-13 15:14:39,2.0,29.76,42.2,14.38,0.0,0.0,0.0,0.0,0.01,14.38,27.83,3
2026-09-13 15:14:40,2.0,29.76,42.2,14.38,0.0,0.0,0.0,0.0,0.01,14.38,27.83,3
2026-09-13 15:14:41,1.0,29.76,42.2,14.38,0.0,0.0,0.0,0.0,0.01,14.38,27.83,3
2026-09-13 15:14:42,0.0,29.76,42.2,14.38,0.0,0.0,0.0,0.0,0.01,14.38,27.83,3
2026-09-13 15:14:43,3.0,29.76,42.2,14.38,0.0,0.0,0.0,0.0,0.01,14.38,27.83,3
2026-09-13 15:14:44,1.0,29.76,42.2,14.38,0.0,0.0,0.0,0.0,0.01,14.38,27.83,3
2026-09-13 15:14:45,1.0,29.76,42.2,14.38,0.0,0.0,0.0,0.0,0.02,14.38,27.83,3
2026-09-13 15:14:46,2.0,29.76,42.2,14.38,0.0,0.0,0.0,0.0,0.01,14.38,27.83,3
2026-09-13 15:14:47,1.0,29.76,42.2,14.38,0.0,0.0,0.0,0.0,0.01,14.38,27.83,3
2026-09-13 15:14:48,2.0,29.76,42.2,14.38,0.0,0.0,0.0,0.0,0.01,14.38,27.83,3
2026-09-13 15:14:49,2.0,29.76,42.2,14.38,0.0,0.0,0.0,0.0,0.01,14.38,27.83,3
2026-09-13 15:14:50,0.0,29.76,42.2,14.38,0.0,0.0,0.0,0.0,0.01,14.38,27.83,3
2026-09-13 15:14:51,1.0,29.76,42.2,14.38,0.0,0.0,0.0,0.0,0.01,14.38,27.83,3
2026-09-13 15:14:52,3.0,29.76,42.2,14.38,0.0,0.0,0.0,0.0,0.01,14.38,27.83,3
2026-09-13 15:14:53,0.0,29.76,42.2,14.38,0.0,0.0,0.0,0.0,0.01,14.38,27.83,3
2026-09-13 15:14:54,2.0,29.76,42.2,14.38,0.0,0.0,0.0,0.0,0.01,14.38,27.83,3
2026-09-13 15:14:55,1.0,29.76,42.2,14.38,0.0,0.0,0.0,0.0,0.01,14.38,27.83,3
2026-09-13 15:14:56,2.0,29.76,42.2,14.38,0.0,0.0,0.0,0.0,0.01,14.38,27.83,3
2026-09-13 15:14:57,1.0,29.76,42.2,14.38,0.0,0.0,0.0,0.0,0.02,14.38,27.83,3
2026-09-13 15:14:58,1.0,29.76,42.2,14.38,0.0,0.0,0.0,0.0,0.01,14.38,27.83,3
2026-09-13 15:14:59,2.0,29.76,42.2,14.38,0.0,0.0,0.0,0.0,0.0,14.38,27.83,3
2026-09-13 15:15:00,1.0,29.76,42.2,14.38,0.0,0.0,0.0,0.0,0.01,14.38,27.83,3
2026-09-13 15:15:01,1.0,29.76,42.2,14.38,0.0,0.0,0.0,0.0,0.0,14.38,27.83,3
2026-09-13 15:15:02,2.0,29.76,42.2,14.38,0.0,0.0,0.0,0.0,0.01,14.38,27.83,3
2026-09-13 15:15:03,1.0,29.76,42.2,14.38,0.0,0.0,0.0,0.0,0.01,14.38,27.83,3
2026-09-13 15:15:04,0.0,29.76,42.2,14.38,0.0,0.0,0.0,0.0,0.0,14.38,27.83,3
2026-09-13 15:15:05,3.0,29.76,42.2,14.38,0.0,0.0,0.0,0.0,0.0,14.38,27.83,3
2026-09-13 15:15:06,0.0,29.76,42.2,14.38,0.0,0.0,0.0,0.0,0.01,14.38,27.83,3
2026-09-13 15:15:07,3.0,29.76,42.2,14.38,0.0,0.0,0.0,0.0,0.01,14.38,27.83,3
2026-09-13 15:15:08,1.0,29.76,42.2,14.38,0.0,0.0,0.0,0.0,0.01,14.38,27.83,3
2026-09-13 15:15:09,1.0,29.76,42.2,14.38,0.0,0.0,0.0,0.0,0.01,14.38,27.83,3
2026-09-13 15:15:10,1.0,29.76,42.2,14.38,0.0,0.0,0.0,0.0,0.01,14.38,27.83,3
2026-09-13 15:15:11,2.0,29.76,42.2,14.38,0.0,0.0,0.0,0.0,0.01,14.38,27.83,3
2026-09-13 15:15:12,1.0,29.76,42.2,14.38,0.0,0.0,0.0,0.0,0.01,14.38,27.83,3
2026-09-13 15:15:13,1.0,29.76,42.2,14.38,0.0,0.0,0.0,0.0,0.01,14.38,27.83,3
2026-09-13 15:15:14,2.0,29.76,42.2,14.38,0.0,0.0,0.0,0.0,0.01,14.38,27.83,3
2026-09-13 15:15:15,1.0,29.76,42.2,14.38,0.0,0.0,0.0,0.0,0.01,14.38,27.83,3
2026-09-13 15:15:16,1.0,29.76,42.2,14.38,0.0,0.0,0.0,0.0,0.01,14.38,27.83,3
2026-09-13 15:15:17,2.0,29.76,42.2,14.38,0.0,0.0,0.0,0.0,0.01,14.38,27.83,3
2026-09-13 15:15:18,1.0,29.76,42.2,14.38,0.0,0.0,0.0,0.0,0.01,14.38,27.83,3
2026-09-13 15:15:19,1.0,29.76,42.2,14.38,0.0,0.0,0.0,0.0,0.01,14.38,27.83,3
2026-09-13 15:15:20,2.0,29.76,42.2,14.38,0.0,0.0,0.0,0.0,0.01,14.38,27.83,3
2026-09-13 15:15:21,0.0,29.76,42.2,14.38,0.0,0.0,0.0,0.0,0.01,14.38,27.83,3
2026-09-13 15:15:22,2.0,29.76,42.2,14.38,0.0,0.0,0.0,0.0,0.01,14.38,27.83,3
2026-09-13 15:15:23,2.0,29.76,42.2,14.38,0.0,0.0,0.0,0.0,0.01,14.38,27.83,3
2026-09-13 15:15:24,1.0,29.76,42.2,14.38,0.0,0.0,0.0,0.0,0.0,14.38,27.83,3
2026-09-13 15:15:25,1.0,29.76,42.2,14.38,0.0,0.0,0.0,0.0,0.01,14.38,27.83,3
2026-09-13 15:15:26,2.0,29.76,42.2,14.38,0.0,0.0,0.0,0.0,0.01,14.38,27.83,3
2026-09-13 15:15:27,2.0,29.76,42.2,14.38,0.0,0.0,0.0,0.0,0.01,14.38,27.83,3
2026-09-13 15:15:28,0.0,29.76,42.2,14.38,0.0,0.0,0.0,0.0,0.01,14.38,27.83,3
2026-09-13 15:15:29,3.0,29.77,42.2,14.38,0.0,0.0,0.0,0.0,0.01,14.38,27.83,3
2026-09-13 15:15:30,1.0,29.76,42.2,14.38,0.0,0.0,0.0,0.0,0.01,14.38,27.83,3
2026-09-13 15:15:31,0.0,29.76,42.2,14.38,0.0,0.0,0.0,0.0,0.01,14.38,27.83,3
2026-09-13 15:15:32,2.0,29.76,42.2,14.38,0.0,0.0,0.0,0.0,0.01,14.38,27.83,3
2026-09-13 15:15:33,2.0,29.76,42.2,14.38,0.0,0.0,0.0,0.0,0.01,14.38,27.83,3
2026-09-13 15:15:34,1.0,29.76,42.2,14.38,0.0,0.0,0.0,0.0,0.01,14.38,27.83,3
2026-09-13 15:15:35,1.0,29.76,42.2,14.38,0.0,0.0,0.0,0.0,0.0,14.38,27.83,3
2026-09-13 15:15:36,2.0,29.77,42.2,14.38,0.0,0.0,0.0,0.0,0.01,14.38,27.83,3
2026-09-13 15:15:37,1.0,29.76,42.2,14.38,0.0,0.0,0.0,0.0,0.01,14.38,27.83,3
2026-09-13 15:15:38,1.0,29.76,42.2,14.38,0.0,0.0,0.0,0.0,0.01,14.38,27.83,3
2026-09-13 15:15:39,2.0,29.76,42.2,14.38,0.0,0.0,0.0,0.0,0.01,14.38,27.83,3
2026-09-13 15:15:40,2.0,29.76,42.2,14.38,0.0,0.0,0.0,0.0,0.01,14.38,27.83,3
2026-09-13 15:15:41,0.0,29.76,42.2,14.38,0.0,0.0,0.0,0.0,0.01,14.38,27.83,3
2026-09-13 15:15:42,2.0,29.76,42.2,14.38,0.0,0.0,0.0,0.0,0.01,14.38,27.83,3
2026-09-13 15:15:43,2.0,29.76,42.2,14.38,0.0,0.0,0.0,0.0,0.01,14.38,27.83,3
2026-09-13 15:15:44,0.0,29.76,42.2,14.38,0.0,0.0,0.0,0.0,0.01,14.38,27.83,3
2026-09-13 15:15:45,2.0,29.76,42.2,14.38,0.0,0.0,0.0,0.0,0.02,14.38,27.83,3
2026-09-13 15:15:46,2.0,29.76,42.2,14.38,0.0,0.0,0.0,0.0,0.01,14.38,27.83,3
2026-09-13 15:15:47,1.0,29.76,42.2,14.38,0.0,0.0,0.0,0.0,0.01,14.38,27.83,3
2026-09-13 15:15:48,1.0,29.76,42.2,14.38,0.0,0.0,0.0,0.0,0.01,14.38,27.83,3
2026-09-13 15:15:49,1.0,29.76,42.2,14.38,0.0,0.0,0.0,0.0,0.01,14.38,27.83,3
2026-09-13 15:15:50,2.0,29.76,42.2,14.38,0.0,0.0,0.0,0.0,0.01,14.38,27.83,3
2026-09-13 15:15:51,1.0,29.76,42.2,14.38,0.0,0.0,0.0,0.0,0.01,14.38,27.83,3
2026-09-13 15:15:52,1.0,29.76,42.2,14.38,0.0,0.0,0.0,0.0,0.01,14.38,27.83,3
2026-09-13 15:15:53,2.0,29.76,42.2,14.38,0.0,0.0,0.0,0.0,0.01,14.38,27.83,3
2026-09-13 15:15:54,1.0,29.76,42.2,14.38,0.0,0.0,0.0,0.0,0.0,14.38,27.83,3
2026-09-13 15:15:55,1.0,29.76,42.2,14.38,0.0,0.0,0.0,0.0,0.01,14.38,27.83,3
2026-09-13 15:15:56,2.0,29.76,42.2,14.38,0.0,0.0,0.0,0.0,0.01,14.38,27.83,3
2026-09-13 15:15:57,2.0,29.76,42.2,14.38,0.0,0.0,0.0,0.0,0.01,14.38,27.83,3
2026-09-13 15:15:58,1.0,29.76,42.2,14.38,0.0,0.0,0.0,0.0,0.01,14.38,27.83,3
2026-09-13 15:15:59,0.0,29.76,42.2,14.38,0.0,0.0,0.0,0.0,0.01,14.38,27.83,3
2026-09-13 15:16:00,2.0,29.76,42.2,14.38,0.0,0.0,0.0,0.0,0.01,14.38,27.83,3
2026-09-13 15:16:01,2.0,29.76,42.2,14.38,0.0,0.0,0.0,0.0,0.0,14.38,27.83,3
2026-09-13 15:16:02,1.0,29.76,42.2,14.38,0.0,0.0,0.0,0.0,0.01,14.38,27.83,3
2026-09-13 15:16:03,2.0,29.76,42.2,14.38,0.0,0.0,0.0,0.0,0.01,14.38,27.83,3
2026-09-13 15:16:04,0.0,29.76,42.2,14.38,0.0,0.0,0.0,0.0,0.0,14.38,27.83,3
2026-09-13 15:16:05,2.0,29.76,42.2,14.38,0.0,0.0,0.0,0.0,0.01,14.38,27.83,3
2026-09-13 15:16:06,1.0,29.76,42.2,14.38,0.0,0.0,0.0,0.0,0.01,14.38,27.83,3
2026-09-13 15:16:07,2.0,29.76,42.2,14.38,0.0,0.0,0.0,0.0,0.01,14.38,27.83,3
2026-09-13 15:16:08,1.0,29.76,42.2,14.38,0.0,0.0,0.0,0.0,0.01,14.38,27.83,3
2026-09-13 15:16:09,2.0,29.76,42.2,14.38,0.0,0.0,0.0,0.0,0.01,14.38,27.83,3
2026-09-13 15:16:10,2.0,29.76,42.2,14.38,0.0,0.0,0.0,0.0,0.01,14.38,27.83,3
2026-09-13 15:16:11,0.0,29.76,42.2,14.38,0.0,0.0,0.0,0.0,0.01,14.38,27.83,3
2026-09-13 15:16:12,1.0,29.76,42.2,14.38,0.0,0.0,0.0,0.0,0.01,14.38,27.83,3
2026-09-13 15:16:13,3.0,29.76,42.2,14.38,0.0,0.0,0.0,0.0,0.01,14.38,27.83,3
2026-09-13 15:16:14,0.0,29.76,42.2,14.38,0.0,0.0,0.0,0.0,0.01,14.38,27.83,3
2026-09-13 15:16:15,1.0,29.76,42.2,14.38,0.0,0.0,0.0,0.0,0.01,14.38,27.83,3
2026-09-13 15:16:16,3.0,29.76,42.2,14.38,0.0,0.0,0.0,0.0,0.01,14.38,27.83,3
2026-09-13 15:16:17,0.0,29.76,42.2,14.38,0.0,0.0,0.0,0.0,0.01,14.38,27.83,3
2026-09-13 15:16:18,1.0,29.76,42.2,14.38,0.0,0.0,0.0,0.0,0.01,14.38,27.83,3
2026-09-13 15:16:19,2.0,29.76,42.2,14.38,0.0,0.0,0.0,0.0,0.01,14.38,27.83,3
2026-09-13 15:16:20,1.0,29.76,42.2,14.38,0.0,0.0,0.0,0.0,0.01,14.38,27.83,3
2026-09-13 15:16:21,2.0,29.76,42.2,14.38,0.0,0.0,0.0,0.0,0.01,14.38,27.83,3
2026-09-13 15:16:22,1.0,29.76,42.2,14.38,0.0,0.0,0.0,0.0,0.0,14.38,27.83,3
2026-09-13 15:16:24,2.0,29.76,42.2,14.38,0.0,0.0,0.0,0.0,0.01,14.38,27.83,3
2026-09-13 15:16:25,1.0,29.76,42.2,14.38,0.0,0.0,0.0,0.0,0.0,14.38,27.83,3
2026-09-13 15:16:26,1.0,29.76,42.2,14.38,0.0,0.0,0.0,0.0,0.01,14.38,27.83,3
2026-09-13 15:16:27,1.0,29.76,42.2,14.38,0.0,0.0,0.0,0.0,0.01,14.38,27.83,3
2026-09-13 15:16:28,3.0,29.76,42.2,14.38,0.0,0.0,0.0,0.0,0.01,14.38,27.83,3
2026-09-13 15:16:29,0.0,29.76,42.2,14.38,0.0,0.0,0.0,0.0,0.01,14.38,27.83,3
2026-09-13 15:16:30,2.0,29.76,42.2,14.38,0.0,0.0,0.0,0.0,0.01,14.38,27.83,3
2026-09-13 15:16:31,1.0,29.76,42.2,14.38,0.0,0.0,0.0,0.0,0.01,14.38,27.83,3
2026-09-13 15:16:32,1.0,29.76,42.2,14.38,0.0,0.0,0.0,0.0,0.01,14.38,27.83,3
2026-09-13 15:16:33,2.0,29.76,42.2,14.38,0.0,0.0,0.0,0.0,0.01,14.38,27.83,3
2026-09-13 15:16:34,1.0,29.76,42.2,14.38,0.0,0.0,0.0,0.0,0.01,14.38,27.83,3
2026-09-13 15:16:35,1.0,29.76,42.2,14.38,0.0,0.0,0.0,0.0,0.01,14.38,27.83,3
